RQ1.1,RQ1.2,RQ1.3,RQ1.4,RQ1.5,RQ2.1,RQ2.2,RQ2.3,RQ2.4,RQ2.5,RQ3.1,RQ3.2,RQ3.3,RQ3.4,RQ3.5,RQ4.1,RQ4.2,RQ4.3,RQ4.4,RQ4.5,RQ5.1,RQ5.2,RQ5.3,RQ5.4,RQ5.5,RQ6.1,RQ6.2,RQ6.3,RQ6.4,RQ6.5,F11,F12,F13,F14,F15,F16,y11,Y1,y22,y33,y44,y55,y66,Y2,Y3,Y4,Y5,Y6,Improved
4,4,2,4,2,2,4,4,4,2,2,3,4,4,4,4,4,3,2,2,2,2,3,4,2,2,3,4,4,4,-0.033597961,0.397597654,0.316906328,-0.110320037,-0.871690358,-0.348814611,16,1,16,17,15,13,17,1,1,1,1,1,-0.174142583
4,2,3,4,3,2,3,4,2,3,2,3,4,4,4,4,3,4,2,4,2,3,2,4,4,2,2,2,4,4,-0.051545237,-0.436909895,0.316906328,0.054049152,-0.3851058,-1.16047549,16,1,14,17,17,15,14,1,1,1,1,1,-0.171418128
4,2,1,1,1,4,4,1,4,4,5,1,1,1,4,1,1,1,1,1,4,1,1,4,1,4,4,4,5,1,-1.548498975,0.336862511,-0.9329598,-2.586342505,-1.272627988,0.136232204,9,1,17,12,5,11,18,1,1,0,1,1,-1.370587986
2,2,2,2,1,5,5,2,2,5,1,3,1,1,3,3,1,3,1,1,3,3,5,3,3,3,5,5,3,1,-1.47735812,0.348208317,-1.27574667,-1.514483827,0.104077032,0.035557538,9,1,19,9,9,17,17,1,1,1,1,1,-0.985666877
4,3,1,1,1,2,2,1,4,3,2,3,2,1,3,4,4,4,5,3,3,3,2,4,3,3,4,5,3,3,-1.305819952,-0.56649208,-0.892311335,0.806659513,-0.348886614,0.020237265,10,1,12,11,20,15,18,1,1,1,1,1,-0.887315422
2,3,3,3,3,1,3,1,2,3,1,2,1,1,4,4,4,4,4,4,2,2,4,4,3,4,4,4,2,2,-0.33441134,-1.007198263,-1.361925663,0.712136097,-0.435413416,-0.422371737,14,1,10,9,20,15,16,1,1,1,1,1,-0.995425233
1,1,1,1,1,4,2,4,2,2,2,2,1,2,2,2,2,2,2,4,2,2,2,2,4,4,4,4,4,2,-2.298429586,-0.854442286,-1.391059236,-1.299098702,-1.036642588,0.04975562,5,0,14,9,12,12,18,1,1,1,1,1,-1.678546089
3,4,4,4,3,1,3,3,1,3,4,4,3,2,5,4,5,4,5,3,2,2,3,4,5,3,4,5,4,4,0.486660126,-1.011298417,0.568759663,1.08794869,-0.210670667,0.405888039,18,1,11,18,21,16,20,1,1,1,1,1,0.16720984
4,2,1,1,1,4,4,1,1,4,4,1,1,1,4,4,4,4,4,1,4,2,4,4,4,4,4,4,5,1,-1.548498975,-0.729863642,-1.112775526,0.430509693,0.298044647,0.136232204,9,1,14,11,17,18,18,1,1,1,1,1,-0.756614306
4,2,2,2,2,4,2,4,2,4,2,4,2,3,2,4,4,4,4,4,4,2,4,4,4,2,4,4,4,4,-0.893710806,-0.47411563,-0.407558746,0.712136097,0.298044647,-0.034320148,12,1,16,13,20,18,18,1,1,1,1,1,-0.189994071
3,3,2,1,1,4,3,4,4,3,2,3,2,2,3,4,4,4,4,4,2,2,4,4,4,4,4,4,4,4,-1.252972634,0.360391919,-0.693024537,0.712136097,-0.215073519,0.348929811,10,1,18,12,20,16,20,1,1,1,1,1,-0.321364161
3,5,3,1,5,1,4,4,4,4,4,4,4,4,4,4,4,3,3,2,4,4,3,3,3,4,4,4,4,4,0.436234944,0.734848786,0.96683482,0.078078847,0.190603834,0.348929811,17,1,17,20,16,17,20,1,1,1,1,1,0.514587344
1,1,1,1,1,5,1,1,1,2,2,1,2,2,2,1,1,1,1,2,1,2,1,1,2,2,4,5,2,1,-2.298429586,-2.0076751,-1.477736667,-2.492467037,-2.144665999,-0.706625583,5,0,10,9,6,7,14,1,1,1,1,1,-2.552640509
1,1,1,1,1,5,3,1,2,1,2,1,1,2,1,1,2,2,2,5,3,2,2,2,3,3,4,3,4,1,-2.298429586,-1.215222827,-1.885474325,-1.483245142,-1.000423401,-0.540039663,5,0,12,7,12,12,15,1,1,1,1,1,-2.026595179
2,3,2,3,4,4,4,2,5,3,3,3,5,1,1,3,4,2,3,3,1,3,1,5,4,1,3,1,1,3,-0.310862933,0.678012182,-0.509872878,-0.363975024,-0.66275444,-2.143967347,14,1,18,13,15,14,9,1,1,1,1,1,-0.576607153
4,4,3,3,3,4,4,3,4,4,4,4,4,3,5,5,5,4,5,3,4,4,5,5,4,3,3,5,3,3,0.246435408,0.688337741,0.97166607,1.365970598,1.232512799,-0.294257197,17,1,19,20,22,22,17,1,1,1,1,1,1.109473581
3,2,2,1,1,4,2,2,2,2,3,2,2,2,2,2,2,2,2,2,3,2,2,3,2,3,2,3,3,2,-1.495651657,-1.205917516,-1.0076239,-1.486849638,-1.025915809,-1.255505172,9,1,12,11,10,12,13,1,1,1,1,1,-1.621115108
4,3,1,1,2,4,4,1,2,4,2,2,1,1,4,1,1,2,4,4,2,2,4,4,1,4,4,4,2,2,-1.060340364,-0.374288257,-1.182109937,-1.481612019,-0.87609321,-0.422371737,11,1,15,10,12,13,16,1,1,1,1,1,-1.193409875
4,4,5,4,3,4,4,5,4,2,3,4,4,5,4,2,3,4,5,4,4,3,4,4,5,4,5,4,4,5,0.87767517,0.659486314,0.986305893,0.063201988,0.780226353,0.813011369,20,1,19,20,18,20,22,1,1,1,1,1,1.105038847
4,2,4,4,4,2,4,4,4,4,2,4,4,1,4,1,4,4,4,3,1,2,4,2,4,4,3,4,4,4,0.415865532,0.777924309,0.009342974,-0.215805095,-0.861327581,0.034435348,18,1,18,15,16,13,19,1,1,1,1,1,-0.007824778
4,3,4,4,5,4,5,2,4,4,3,2,4,2,4,4,2,4,4,5,1,3,2,2,4,4,2,3,4,5,0.904024143,0.826120234,-0.192148584,0.243433211,-1.031359862,-0.379055228,20,1,19,15,19,12,18,1,1,1,1,1,0.205154298
4,2,2,4,4,4,1,4,4,4,4,4,4,2,4,4,4,5,4,4,4,5,3,2,4,4,5,4,4,2,-0.02799683,-0.07648497,0.568261224,0.970043527,0.477938051,0.364250083,16,1,17,18,21,18,19,1,1,1,1,1,0.540694447
2,3,3,1,1,5,1,3,1,4,1,1,1,3,3,3,3,4,5,5,3,3,4,4,5,2,3,5,4,4,-1.200125316,-1.275873215,-1.457767156,0.435099363,0.52366727,-0.100231403,10,1,14,9,20,19,18,1,1,1,1,1,-0.67916477
2,2,1,1,1,4,3,1,2,3,3,2,1,1,3,3,4,3,2,2,4,4,3,3,3,4,4,4,4,4,-1.8866667,-0.877971694,-1.20641226,-0.388341945,0.190603834,0.348929811,7,1,13,10,14,17,20,1,1,1,1,1,-1.142274456
4,2,3,1,5,4,2,1,1,4,1,2,1,2,4,4,4,4,4,5,2,4,4,4,4,2,4,4,4,4,-0.122718261,-1.356903859,-1.162638865,0.806011564,0.308610099,-0.034320148,15,1,12,10,21,18,18,1,1,1,1,1,-0.476593427
3,3,2,1,1,4,3,1,3,3,1,1,1,3,1,1,1,1,4,4,1,1,3,3,3,3,3,4,3,3,-1.252972634,-0.52239631,-1.866003253,-1.73951945,-1.364598843,-0.542840406,10,1,14,7,11,11,16,1,1,1,1,1,-1.700996432
2,2,3,2,1,4,3,2,2,4,2,2,1,1,1,4,4,4,4,4,2,2,4,4,2,4,4,4,4,4,-1.255426939,-0.512070751,-1.794464083,0.712136097,-0.655753313,0.348929811,10,1,15,7,20,14,20,1,1,1,1,1,-1.018377262
3,2,3,2,3,4,2,2,4,4,3,3,3,4,3,3,3,3,4,5,4,4,4,3,3,2,4,5,4,3,-0.5953839,-0.114440092,0.088984395,-0.011206951,0.406540879,0.064675965,13,1,16,16,18,18,18,1,1,1,1,1,0.017192118
2,2,3,3,3,4,3,3,4,4,1,2,2,2,2,3,3,1,3,3,1,1,1,1,3,1,3,3,3,3,-0.577090363,0.374817632,-1.367255352,-0.903171632,-2.186167911,-1.174673573,13,1,18,9,13,7,13,1,1,1,1,1,-1.342894198
4,4,2,4,4,4,4,3,4,2,4,4,2,2,4,4,4,2,2,4,4,4,4,2,2,4,4,4,2,4,0.457361216,0.308011085,0.161022005,-0.180476532,-0.008646507,-0.123197547,18,1,17,16,16,16,18,1,1,1,1,1,0.158706639
4,2,2,2,4,4,2,2,4,4,4,4,2,2,4,4,3,4,2,4,4,4,2,3,4,4,4,4,2,4,-0.40275163,-0.114440092,0.161022005,0.054049152,0.195006686,-0.123197547,14,1,16,16,17,17,18,1,1,1,1,1,-0.026266976
4,4,2,2,2,4,4,4,2,4,4,4,2,2,2,4,4,2,4,4,4,4,4,4,4,4,4,4,2,2,-0.408352761,0.152924587,-0.247214093,0.196321235,0.821728265,-0.422371737,14,1,18,14,18,20,16,1,1,1,1,1,0.120265251
4,4,4,4,4,2,2,2,4,2,4,4,2,4,2,4,4,4,2,2,4,4,2,4,4,4,4,4,4,4,0.901223577,-0.580917793,0.151359504,0.147587393,0.389854175,0.348929811,20,1,12,16,16,18,20,1,1,1,1,1,0.104861181
4,4,2,4,4,4,4,2,2,2,4,4,4,4,2,4,4,4,2,4,2,2,4,4,2,4,4,4,4,2,0.457361216,-0.578877298,0.558598723,0.335338329,-0.655753313,0.04975562,18,1,14,18,18,14,18,1,1,1,1,1,0.082163847
4,4,4,2,4,5,4,4,2,1,2,2,3,2,2,4,4,4,4,2,3,1,3,3,3,3,3,3,1,3,0.526468777,-0.374489874,-0.983820017,0.524385161,-0.851480676,-1.263550972,18,1,16,11,18,13,13,1,1,1,1,1,-0.495456501
3,3,4,2,3,3,4,3,2,4,3,4,3,3,2,2,3,4,3,3,3,4,3,4,4,3,2,3,3,4,-0.130773697,-0.065888551,-0.024123411,-0.407471248,0.349232137,-0.956330982,15,1,16,15,15,18,15,1,1,1,1,1,-0.134208095
4,4,4,2,3,2,3,4,4,3,4,3,3,4,2,4,4,2,3,3,4,4,4,3,2,2,2,2,4,2,0.280989189,0.274240873,0.064682073,-0.085953116,0.186200982,-1.459649681,17,1,16,16,16,17,12,1,1,1,1,1,-0.030715741
4,2,2,4,2,4,4,4,3,2,4,4,4,2,4,4,4,2,2,2,4,4,4,2,2,4,4,2,2,4,-0.518956006,0.128173315,0.568261224,-0.368227468,-0.008646507,-0.620363963,14,1,17,18,14,16,16,1,1,1,1,1,-0.027415503
4,4,4,2,4,4,4,2,2,4,4,4,2,4,2,4,4,4,2,4,4,4,2,2,2,4,4,2,4,2,0.526468777,-0.198550643,0.151359504,0.335338329,-0.440520597,-0.447410796,18,1,16,16,18,14,16,1,1,1,1,1,0.013793256
4,4,2,4,3,4,4,4,2,4,4,4,2,2,2,2,2,2,4,2,4,4,4,2,2,4,4,4,4,2,0.211881627,0.152924587,-0.247214093,-1.11005187,-0.008646507,0.04975562,17,1,18,14,12,16,18,1,1,1,1,1,-0.144660747
4,4,2,4,4,2,2,4,4,2,4,4,2,4,2,4,4,2,4,4,4,4,2,2,4,4,4,2,4,4,0.457361216,-0.229442564,0.151359504,0.196321235,0.000159197,-0.148236606,18,1,14,16,18,16,18,1,1,1,1,1,0.04437669
4,4,4,2,4,4,4,2,2,3,4,4,2,2,4,4,2,2,2,2,2,2,4,4,2,4,4,4,2,2,0.526468777,-0.388713971,0.161022005,-0.930805822,-0.655753313,-0.422371737,18,1,15,16,12,14,16,1,1,1,1,1,-0.288809706
4,4,2,4,2,4,4,3,4,3,2,2,4,2,4,4,2,4,2,3,2,2,2,4,2,2,2,4,4,4,-0.033597961,0.498174413,-0.37196431,-0.321115492,-1.087627403,-0.663309074,16,1,18,14,15,12,16,1,1,1,1,1,-0.356784625
4,4,4,2,2,2,2,4,3,4,4,4,4,4,2,2,2,2,4,4,4,4,4,2,4,2,2,4,4,3,0.035509601,-0.204691292,0.558598723,-0.922300934,0.432033287,-0.812896169,16,1,15,18,14,18,15,1,1,1,1,1,0.04809276
4,4,2,4,2,4,4,2,2,4,2,2,4,2,2,2,4,2,2,4,2,2,2,4,2,2,4,4,4,2,-0.033597961,-0.198550643,-0.780200407,-0.736520348,-1.087627403,-0.333494339,16,1,16,12,14,12,16,1,1,1,1,1,-0.680183539
1,2,3,3,2,1,4,1,3,1,1,2,3,3,1,4,1,2,1,3,1,3,3,3,2,1,1,3,3,1,-0.991653814,-0.718429426,-1.168466993,-1.306618414,-1.061255122,-2.102836689,11,1,10,10,11,12,9,1,1,1,1,1,-1.764379471
2,2,2,2,2,3,3,3,3,3,1,2,2,2,2,2,2,1,1,2,1,2,2,2,2,1,1,1,2,2,-1.231878532,-0.213996603,-1.367255352,-1.933155952,-1.733881465,-2.686479689,10,1,15,9,8,9,7,1,1,1,1,1,-1.910644203
1,1,1,1,1,2,4,1,3,2,1,2,1,3,5,1,3,1,2,4,1,2,1,3,5,1,3,1,5,5,-2.298429586,-0.485190575,-0.759234018,-1.553738864,-1.09395133,-0.900538441,5,0,12,12,11,12,15,1,1,1,1,1,-1.679753115
1,2,2,1,2,2,2,3,2,2,1,2,1,2,1,2,2,1,2,2,1,2,2,2,2,2,2,1,2,2,-1.588339794,-1.116330947,-1.77499301,-1.744757068,-1.733881465,-2.180360247,8,1,11,7,9,9,9,1,1,1,1,1,-2.350179989
2,3,4,3,4,2,3,2,4,4,4,4,2,4,2,2,4,4,4,2,4,4,4,2,2,2,2,4,4,2,0.132999429,0.112928971,0.151359504,-0.031658655,-0.008646507,-0.962483264,16,1,15,16,16,16,14,1,1,1,1,1,-0.165426373
4,4,2,4,3,4,4,2,4,3,4,4,4,2,2,4,4,2,3,2,2,2,4,2,4,4,4,2,4,3,0.211881627,0.322436798,0.160025127,-0.179828584,-0.604768498,-0.297823701,17,1,17,16,15,14,17,1,1,1,1,1,-0.073852405
1,2,4,3,4,2,3,3,2,4,3,4,2,4,3,4,3,3,2,4,4,3,2,3,4,4,3,4,2,4,-0.278763457,-0.422484182,0.175661827,-0.203858279,-0.066835123,-0.43769201,14,1,14,16,16,16,17,1,1,1,1,1,-0.274910483
3,1,2,1,3,1,2,3,3,2,2,3,1,2,3,4,3,2,2,3,3,3,3,3,3,4,4,2,1,1,-1.247371503,-0.803831086,-0.896644146,-0.555641177,-0.327797058,-1.305188928,10,1,11,11,14,15,12,1,1,1,1,1,-1.31856663
4,3,3,2,2,2,3,2,3,4,3,3,2,2,3,4,4,4,5,4,3,3,4,4,4,1,4,4,3,3,-0.429100603,-0.242646413,-0.513208811,0.900534981,0.303327373,-0.611595902,14,1,14,13,21,18,15,1,1,1,1,1,-0.234513857
3,4,3,3,2,3,4,4,3,4,3,2,4,4,3,4,4,4,3,2,2,3,4,4,4,4,4,3,4,3,-0.168128043,0.465424448,0.002306964,0.335986277,0.04676829,-0.049240493,15,1,18,16,17,17,18,1,1,1,1,1,0.157476063
4,4,4,2,4,5,4,4,2,1,2,2,3,2,2,4,4,4,4,1,3,1,3,3,3,3,3,3,1,3,0.526468777,-0.374489874,-0.983820017,0.430509693,-0.851480676,-1.263550972,18,1,16,11,17,13,13,1,1,1,1,1,-0.535130448
4,4,4,4,2,4,4,4,2,2,2,4,2,4,4,4,4,2,4,2,4,4,4,2,2,4,4,4,4,4,0.410264401,-0.227402069,0.199964149,0.0085703,-0.008646507,0.348929811,18,1,16,16,16,16,20,1,1,1,1,1,0.137030107
1,4,5,4,3,4,3,4,3,4,4,3,5,4,5,4,3,5,3,5,4,5,3,4,4,4,4,3,5,5,0.370423581,0.194979863,1.084275437,0.594230934,0.867633029,0.485997376,17,1,18,21,20,20,21,1,1,1,1,1,1.011815859
4,4,2,4,3,3,3,2,3,3,2,3,4,3,3,3,4,4,2,5,3,3,4,4,4,4,4,5,3,2,0.211881627,-0.389734218,-0.086498519,0.151191889,0.303327373,0.06227515,17,1,14,15,18,18,18,1,1,1,1,1,0.029268258
4,4,3,2,2,4,4,3,4,4,3,4,4,3,4,3,4,4,3,4,4,4,4,2,3,3,2,3,4,2,-0.18642158,0.688337741,0.587732296,0.245715305,0.21169339,-1.019441493,15,1,19,18,18,17,14,1,1,1,1,1,0.330550197
4,4,2,4,2,4,4,2,2,4,2,2,2,4,2,2,2,2,4,4,4,4,2,4,2,4,4,4,2,2,-0.033597961,-0.198550643,-0.78886603,-0.922300934,-0.050825619,-0.422371737,16,1,16,12,14,16,16,1,1,1,1,1,-0.446545045
4,2,4,3,4,4,4,2,4,3,4,4,2,4,4,4,4,4,2,2,2,2,2,4,4,4,4,2,2,4,0.228488132,0.322436798,0.559595601,0.147587393,-0.646947609,-0.620363963,17,1,17,18,16,14,16,1,1,1,1,1,0.098986572
4,4,4,2,3,4,4,2,3,4,2,3,4,4,4,4,4,4,2,3,4,4,2,3,2,4,4,2,4,3,0.280989189,0.157024742,0.316906328,0.241462861,-0.245673108,-0.297823701,17,1,17,17,17,15,17,1,1,1,1,1,0.141208314
4,4,2,4,3,4,4,4,4,2,2,2,4,4,2,4,4,4,3,2,2,3,4,2,3,4,4,4,3,4,0.211881627,0.4837487,-0.381626811,0.335986277,-0.563266585,0.112866132,17,1,18,14,17,14,19,1,1,1,1,1,-0.041668886
4,4,2,3,3,2,2,2,4,2,4,4,4,2,4,4,4,2,4,2,4,4,2,2,2,4,4,4,2,4,0.024504227,-0.580917793,0.568261224,0.0085703,-0.440520597,-0.123197547,16,1,12,18,16,14,18,1,1,1,1,1,-0.235551561
4,2,3,3,4,2,4,3,2,3,2,3,4,3,4,4,4,3,4,3,4,4,3,3,3,2,2,3,4,2,0.006556951,-0.299127402,0.117619529,0.360353198,0.190603834,-1.211066473,16,1,14,16,18,17,13,1,1,1,1,1,-0.113669511
2,3,2,3,4,4,3,4,3,2,2,3,4,3,2,2,4,3,4,2,4,2,4,4,2,4,3,4,2,2,-0.310862933,-0.185346793,-0.290616568,-0.289566086,-0.142635147,-0.7368662,14,1,16,14,15,16,15,1,1,1,1,1,-0.38295502
4,4,4,2,4,1,4,4,4,2,2,4,4,2,2,3,4,4,4,3,4,4,4,4,4,1,2,2,2,2,0.526468777,0.354522131,-0.199606325,0.340238721,0.821728265,-2.123402018,18,1,15,14,18,20,9,1,1,1,1,1,-0.005004309
4,4,2,3,2,2,2,2,4,4,4,4,4,2,2,2,2,2,2,4,4,4,2,4,3,4,4,4,2,4,-0.220975361,-0.200591138,0.160025127,-1.299098702,0.169514278,-0.123197547,15,1,14,16,12,17,18,1,1,1,1,1,-0.299130796
2,1,3,4,2,5,3,4,2,3,4,3,4,2,3,3,4,2,4,3,4,4,2,4,3,2,3,4,3,4,-0.877871574,-0.307683326,0.073846134,-0.17557614,0.169514278,-0.58487829,12,1,17,16,16,17,16,1,1,1,1,1,-0.153513342
3,4,2,1,1,5,3,4,2,3,1,2,1,1,1,4,5,4,5,5,4,2,4,4,5,5,4,5,3,2,-1.010293612,-0.307683326,-1.974279808,1.275699625,0.518384544,0.253900129,11,1,17,6,23,19,19,1,1,1,1,1,-0.522308842
4,4,2,4,4,4,4,2,4,2,4,4,2,3,4,4,4,2,2,4,2,2,2,2,2,4,4,4,3,4,0.457361216,0.13227347,0.360308803,-0.180476532,-1.477322382,0.112866132,18,1,16,17,16,10,19,1,1,1,1,1,-0.157565806
4,4,4,2,4,4,4,2,4,4,4,3,4,2,4,4,4,2,4,3,4,4,2,3,4,2,2,2,4,4,0.526468777,0.512600126,0.277964183,0.102445768,0.195006686,-1.16047549,18,1,18,17,17,17,14,1,1,1,1,1,0.312887196
4,4,2,3,4,2,2,4,2,3,4,4,2,4,3,4,4,2,2,4,4,4,2,4,3,4,4,4,2,4,0.269983816,-0.750430004,0.355477553,-0.180476532,0.169514278,-0.123197547,17,1,13,17,16,17,18,1,1,1,1,1,-0.018442136
4,4,2,4,4,4,4,4,4,2,2,2,2,3,2,4,4,4,2,3,4,4,2,3,2,4,4,4,4,2,0.457361216,0.4837487,-0.988152828,0.241462861,-0.245673108,0.04975562,18,1,18,11,17,15,18,1,1,1,1,1,-0.181985767
2,2,2,4,4,2,4,4,2,4,4,4,2,2,4,4,4,4,2,4,4,4,2,2,2,2,2,2,4,4,-0.366164555,0.066773541,0.161022005,0.335338329,-0.440520597,-1.16047549,14,1,16,16,18,14,14,1,1,1,1,1,-0.247587397
4,4,2,4,4,4,4,2,2,4,4,4,2,4,2,4,2,2,4,3,4,4,2,4,4,4,4,2,4,2,0.457361216,-0.198550643,0.151359504,-0.460132586,0.389854175,-0.447410796,18,1,16,16,15,18,16,1,1,1,1,1,0.12840991
4,4,2,4,4,4,4,2,4,3,2,2,2,4,4,2,2,2,4,2,4,4,4,4,3,4,4,4,2,2,0.457361216,0.322436798,-0.380629933,-1.11005187,0.601388368,-0.422371737,18,1,17,14,12,19,16,1,1,1,1,1,-0.02224943
4,4,3,4,4,3,4,3,1,3,3,4,4,3,2,3,4,4,3,2,3,4,4,3,4,3,2,4,4,3,0.679292396,-0.611627263,0.179496199,0.057964369,0.370321693,-0.62127119,19,1,14,16,16,18,16,1,1,1,1,1,0.09358977
4,4,4,2,4,5,4,4,2,1,2,2,3,2,2,4,4,4,4,2,3,1,3,3,3,3,2,3,1,3,0.526468777,-0.374489874,-0.983820017,0.524385161,-0.851480676,-1.578045434,18,1,16,11,18,13,12,1,1,1,1,1,-0.516897876
4,4,4,2,4,5,4,4,2,1,2,2,3,2,2,4,4,4,4,2,3,1,3,3,3,3,3,3,1,3,0.526468777,-0.374489874,-0.983820017,0.524385161,-0.851480676,-1.263550972,18,1,16,11,18,13,13,1,1,1,1,1,-0.495456501
4,4,4,2,4,4,4,4,1,1,2,2,2,2,2,4,4,4,4,2,3,1,3,3,3,3,3,3,1,3,0.526468777,-0.773140781,-1.187439626,0.524385161,-0.851480676,-1.263550972,18,1,14,10,18,13,13,1,1,1,1,1,-0.701878266
4,4,4,2,4,4,4,4,2,2,2,2,2,2,2,4,4,4,4,2,4,2,4,4,4,4,4,4,2,4,0.526468777,-0.227402069,-1.187439626,0.524385161,0.298044647,-0.123197547,18,1,16,10,18,18,18,1,1,1,1,1,-0.173504714
2,4,2,4,4,4,2,2,2,4,4,4,4,4,4,4,4,4,4,4,4,4,4,4,4,4,4,4,4,4,0.11919349,-0.82559086,0.96683482,0.712136097,0.821728265,0.348929811,16,1,14,20,20,20,20,1,1,1,1,1,0.600209682
1,3,2,1,2,4,2,3,2,4,4,4,2,1,4,4,2,4,4,3,2,2,4,3,4,4,4,4,4,2,-1.345660772,-0.649853245,-0.038264794,0.055682275,-0.409921008,0.04975562,9,1,15,15,17,15,18,1,1,1,1,1,-0.558071086
1,2,3,1,3,2,3,2,3,4,2,3,2,1,1,1,1,2,3,3,3,2,1,2,1,1,1,2,2,1,-1.120929026,-0.242646413,-1.300547432,-1.763886371,-1.65704024,-2.587483576,10,1,14,9,10,9,7,1,1,1,1,1,-1.895855591
1,3,3,3,3,2,2,3,4,5,3,3,3,2,2,2,2,2,1,1,1,3,1,2,1,1,1,2,3,4,-0.503495203,0.165309805,-0.51370725,-1.769123989,-1.908316598,-1.902658612,13,1,16,13,8,8,11,1,1,1,1,1,-1.345642811
3,4,4,5,5,1,2,2,2,1,1,2,3,2,2,2,2,2,3,3,1,1,1,2,2,4,5,4,4,3,1.164996702,-1.525307413,-1.163635743,-1.204575286,-2.211660319,0.513837178,21,1,8,10,12,7,20,1,1,1,1,1,-1.363772325
1,1,2,2,3,2,2,3,3,3,3,3,3,4,5,5,5,4,4,3,3,2,2,2,1,1,2,1,3,5,-1.398161829,-0.570592235,0.497220492,1.177571714,-1.441103195,-1.687160262,9,1,13,18,21,10,12,1,1,1,1,1,-0.717280619
4,4,2,5,1,5,3,2,4,2,3,2,1,1,2,2,2,5,2,1,4,3,2,2,4,5,5,2,4,4,-0.091700149,-0.138171116,-1.410530308,-0.807002813,-0.261682612,0.357882837,16,1,16,9,12,15,20,1,1,1,1,1,-0.730446671
1,2,1,5,1,1,2,4,5,3,1,5,1,3,1,1,5,1,2,5,1,3,1,5,1,1,5,1,2,1,-1.306240963,0.273220625,-0.704815089,-0.897285043,-1.323774131,-1.578088933,10,1,15,11,14,11,10,1,1,1,1,1,-1.336850748
4,4,2,3,4,4,2,5,4,2,2,4,4,3,2,4,4,4,2,2,4,4,3,4,4,4,4,4,4,4,0.269983816,0.032446097,-0.000319527,0.147587393,0.60579122,0.348929811,17,1,17,15,16,19,20,1,1,1,1,1,0.24489058
2,3,1,1,1,4,2,4,4,4,4,3,4,4,4,4,4,4,4,4,4,2,2,2,4,4,2,2,4,2,-1.643987678,0.237035138,0.676537779,0.712136097,-0.523524421,-1.076399722,8,1,18,19,20,14,14,1,1,1,1,1,-0.134958191
3,5,2,1,4,4,4,2,3,5,2,3,3,5,3,1,3,3,4,4,1,4,2,3,5,1,3,4,3,1,-0.031175825,0.347188069,0.108455468,-0.661126235,-0.354330667,-1.225264555,15,1,18,16,15,15,12,1,1,1,1,1,-0.167339324
1,3,2,3,5,5,4,2,4,5,5,3,4,1,1,1,4,5,5,2,2,5,5,2,2,1,4,2,2,2,-0.234467207,0.745838977,-0.353861035,0.136625752,-0.043985819,-1.494413092,14,1,20,14,17,16,11,1,1,1,1,1,-0.1311355
4,5,3,3,4,3,2,3,4,2,2,3,2,3,4,5,3,1,3,5,1,3,5,1,3,1,2,3,3,1,0.734594019,-0.362104656,-0.28961969,-0.15937688,-0.798736113,-1.788342226,19,1,14,14,17,13,10,1,1,1,1,1,-0.442039051
5,4,3,4,5,3,4,2,2,1,2,3,3,3,4,3,3,2,4,2,3,3,2,4,4,2,2,3,4,4,1.093855847,-0.812116149,-0.08600008,-0.550740785,-0.128546717,-0.911892282,21,1,12,15,14,16,15,1,1,1,1,1,-0.221191557
2,3,3,4,5,1,2,2,4,5,1,3,5,5,5,2,1,2,2,1,1,4,4,3,3,1,1,1,2,3,0.343925236,-0.053503333,0.744115058,-1.862014282,-0.363136371,-2.536892594,17,1,14,19,8,15,8,1,1,1,1,1,-0.447901015
2,2,3,4,1,1,1,2,3,2,1,3,2,1,1,1,2,2,2,1,1,5,5,5,4,2,2,3,3,3,-0.880672139,-1.293088809,-1.480363158,-1.858747013,0.724677359,-1.297543056,12,1,9,8,8,20,13,1,1,1,1,1,-1.494900036
3,3,4,4,2,2,3,2,2,5,4,4,3,3,3,5,4,2,2,2,1,1,2,3,4,2,4,5,5,5,-0.001498485,-0.408058469,0.359810364,-0.09020556,-1.360195991,0.599913834,16,1,14,17,15,11,21,1,1,1,1,1,-0.334314895
1,1,2,4,3,3,3,2,2,3,3,3,4,5,5,4,5,5,5,2,1,1,2,3,3,1,1,1,2,2,-1.023407029,-0.745309602,0.9001269,1.251980652,-1.580535888,-2.686479689,11,1,13,20,21,10,7,1,1,1,1,1,-0.560632134
1,1,2,3,2,1,2,3,2,2,2,2,2,1,1,4,4,3,2,2,3,2,2,1,1,1,2,2,3,5,-1.456264017,-1.15940647,-1.590844473,-0.110320037,-1.635950684,-1.438577054,9,1,10,8,15,9,13,1,1,1,1,1,-1.959002414
4,4,4,2,3,2,4,4,2,4,4,2,2,4,2,4,4,2,4,2,2,4,4,3,2,2,2,4,4,2,0.280989189,0.066773541,-0.429234578,0.0085703,-0.326917184,-0.962483264,17,1,16,14,16,15,14,1,1,1,1,1,-0.259258643
2,2,4,2,4,2,3,4,2,4,4,2,4,3,2,2,4,3,2,2,2,3,2,3,4,2,3,2,4,4,-0.297056994,-0.246746567,-0.221282157,-0.666363853,-0.579953289,-0.845981028,14,1,15,15,13,14,15,1,1,1,1,1,-0.56637824
2,3,4,2,4,4,2,2,3,4,4,2,3,3,2,2,4,2,3,2,2,4,3,2,2,4,4,4,2,4,-0.054377971,-0.470015476,-0.424901767,-0.7358724,-0.737701718,-0.123197547,15,1,15,14,13,13,18,1,1,1,1,1,-0.583142466
4,3,4,4,4,4,4,3,4,2,4,3,2,4,3,2,3,4,2,3,2,3,4,3,2,3,2,4,4,2,0.658544554,0.308011085,0.065180512,-0.595870132,-0.588758993,-0.770858285,19,1,17,16,14,14,15,1,1,1,1,1,-0.047160148
4,3,4,3,4,5,3,4,2,4,4,3,4,2,4,3,3,3,4,2,4,2,4,3,4,4,3,4,2,3,0.471167154,-0.117519998,0.277964183,-0.292833354,0.103197158,-0.587279105,18,1,18,17,15,17,16,1,1,1,1,1,0.276422051
2,3,4,3,4,4,3,4,2,4,5,4,3,4,2,5,4,2,2,4,2,3,3,4,3,4,2,4,4,5,0.132999429,-0.160595521,0.534794839,0.097545376,-0.389508652,-0.13047202,16,1,17,18,17,15,19,1,1,1,1,1,0.206769789
2,2,2,3,4,4,2,4,2,3,5,3,4,2,3,4,2,3,4,4,2,3,4,2,3,2,3,4,2,3,-0.553541955,-0.664278958,0.25366186,-0.108349688,-0.563266585,-0.970529064,13,1,15,17,17,14,14,1,1,1,1,1,-0.329141899
4,4,2,2,2,4,4,4,4,2,4,4,2,4,2,4,4,2,2,4,4,4,4,2,2,2,4,4,2,4,-0.408352761,0.4837487,0.151359504,-0.180476532,-0.008646507,-0.506447506,14,1,18,16,16,16,16,1,1,1,1,1,-0.038114732
2,3,2,4,4,4,4,3,4,2,4,4,2,4,4,2,2,4,2,4,4,4,2,4,3,4,4,2,4,4,-0.123485533,0.308011085,0.559595601,-0.783283841,0.169514278,-0.148236606,15,1,17,18,14,17,18,1,1,1,1,1,0.128501345
4,4,2,4,3,4,4,4,2,2,4,2,2,2,4,4,4,3,4,2,4,4,2,2,4,4,4,2,2,2,0.211881627,-0.227402069,-0.419572077,0.26647773,0.000159197,-0.919538154,17,1,16,14,17,16,14,1,1,1,1,1,-0.161175073
4,4,2,4,3,4,4,4,2,3,2,2,4,4,2,2,4,3,4,4,4,4,2,3,3,2,2,4,4,2,0.211881627,-0.037238741,-0.381626811,-0.10181515,-0.025333211,-0.962483264,17,1,17,14,17,16,14,1,1,1,1,1,-0.096615792
2,3,4,4,4,4,4,2,4,2,4,4,4,2,4,4,4,2,2,2,4,4,4,4,2,4,4,4,2,4,0.320376829,0.13227347,0.568261224,-0.368227468,0.381048471,-0.123197547,17,1,16,18,14,18,18,1,1,1,1,1,0.23160064
4,2,4,3,3,4,4,2,4,2,4,4,2,4,4,4,2,4,4,2,4,4,2,4,2,2,2,4,4,4,-0.016991456,0.13227347,0.559595601,-0.038193192,-0.050825619,-0.663309074,16,1,16,18,16,16,16,1,1,1,1,1,0.096622062
4,3,2,2,2,4,2,3,2,3,2,2,2,2,2,3,3,3,4,4,3,3,3,3,3,2,2,4,3,3,-0.651031783,-0.840016573,-1.187439626,-0.105082419,-0.327797058,-1.048959848,13,1,14,10,17,15,14,1,1,1,1,1,-0.876413972
2,2,1,2,1,5,2,4,4,2,2,2,2,1,2,2,4,2,2,1,4,3,1,3,4,4,3,2,4,1,-1.6992893,-0.100215995,-1.386726425,-1.018146752,-0.282772168,-0.911492354,8,1,17,9,11,15,14,1,1,1,1,1,-1.271205391
4,4,2,5,1,5,3,2,4,2,3,2,1,1,2,2,2,5,2,1,4,3,2,2,4,5,5,2,4,4,-0.091700149,-0.138171116,-1.410530308,-0.807002813,-0.261682612,0.357882837,16,1,16,9,12,15,20,1,1,1,1,1,-0.730446671
4,4,2,5,1,5,3,2,4,2,3,2,1,1,2,2,2,5,2,1,4,3,2,2,4,5,5,2,4,4,-0.091700149,-0.138171116,-1.410530308,-0.807002813,-0.261682612,0.357882837,16,1,16,9,12,15,20,1,1,1,1,1,-0.730446671
1,5,1,5,1,1,3,1,4,1,1,5,1,5,1,1,5,1,3,1,1,5,1,4,1,1,5,1,5,1,-0.578203896,-0.676374151,-0.306241492,-1.08438803,-0.994938002,-0.869897896,13,1,10,13,11,12,13,1,1,1,1,1,-1.337455415
3,4,4,3,4,4,3,4,3,4,4,3,4,3,4,3,4,3,4,4,3,4,4,4,3,3,4,4,4,3,0.544762314,0.194979863,0.477250981,0.176206758,0.344829285,0.007717736,18,1,18,18,18,18,18,1,1,1,1,1,0.574039465
4,4,2,2,2,4,4,2,4,4,4,4,2,2,2,4,4,4,4,4,4,4,4,2,2,4,4,4,4,4,-0.408352761,0.512600126,-0.247214093,0.712136097,-0.008646507,0.348929811,14,1,18,14,20,16,20,1,1,1,1,1,0.051740148
4,4,2,4,3,4,4,4,3,4,4,4,2,4,3,4,4,4,2,2,4,4,4,4,4,4,4,4,4,4,0.211881627,0.508499971,0.355477553,0.147587393,0.821728265,0.348929811,17,1,19,17,16,20,20,1,1,1,1,1,0.58702517
4,4,2,2,4,4,2,2,2,4,4,4,2,4,2,4,4,4,4,4,4,4,2,2,2,4,4,4,4,4,0.082606416,-0.82559086,0.151359504,0.712136097,-0.440520597,0.348929811,16,1,14,16,20,14,20,1,1,1,1,1,-0.059460867
4,4,4,4,4,4,4,2,2,4,4,4,2,2,2,2,2,4,4,4,4,4,4,2,4,4,4,4,4,4,0.901223577,-0.198550643,-0.247214093,-0.406486073,0.432033287,0.348929811,20,1,16,14,16,18,20,1,1,1,1,1,0.208491902
4,4,4,4,4,2,2,4,4,2,4,4,2,2,2,4,4,4,4,2,4,4,4,4,4,4,4,4,4,4,0.901223577,-0.229442564,-0.247214093,0.524385161,0.821728265,0.348929811,20,1,14,14,18,20,20,1,1,1,1,1,0.27554048
2,2,1,1,2,3,3,4,1,3,2,3,3,3,3,3,3,3,3,3,3,4,4,5,5,4,4,5,5,4,-1.641187112,-0.749409756,-0.290118129,-0.38735677,0.980356568,0.833576698,8,1,14,14,15,21,22,1,1,1,1,1,-0.397682701
1,5,1,5,1,1,5,1,5,1,1,5,1,3,5,1,3,1,4,1,1,3,1,4,1,2,4,2,5,1,-0.578203896,0.30624145,0.111657105,-1.4585675,-1.51862162,-0.744184171,13,1,13,15,10,10,14,1,1,1,1,1,-1.124222987
4,4,4,4,4,5,4,3,4,4,4,4,3,4,4,4,5,4,4,4,4,4,5,4,4,4,4,5,4,5,0.901223577,0.731413264,0.763215211,0.993425273,1.03766531,0.747100114,20,1,20,19,21,21,22,1,1,1,1,1,1.26972639
3,4,3,2,3,5,3,4,4,4,3,4,3,3,4,3,3,4,3,3,3,4,4,3,3,3,3,4,4,4,-0.110025855,0.59363077,0.384112687,-0.12944934,0.149981796,-0.157189632,15,1,20,17,16,17,18,1,1,1,1,1,0.32422388
4,3,4,1,3,5,4,2,2,1,2,3,1,3,2,1,4,4,1,4,4,3,3,3,4,2,4,3,4,4,-0.149067234,-0.725965103,-0.901475397,-0.687126279,0.149101922,-0.282903357,15,1,14,11,14,17,17,1,1,1,1,1,-0.627740288
5,3,4,1,2,5,3,4,4,1,2,4,1,4,4,2,4,3,2,2,3,4,3,2,4,4,4,5,5,2,-0.225462959,0.023140786,-0.00365546,-0.666363853,-0.040462841,0.534402507,15,1,17,15,13,16,20,1,1,1,1,1,-0.158609083
3,4,3,1,2,4,4,3,3,3,4,4,1,1,1,3,4,4,2,1,3,2,2,2,2,3,3,2,3,2,-0.542882843,0.142599028,-0.854238549,-0.224309982,-1.220763298,-1.189593917,13,1,17,11,14,11,13,1,1,1,1,1,-0.979534635
4,3,5,2,3,5,3,3,4,5,3,4,3,3,5,2,1,3,5,2,2,3,1,3,2,2,3,4,2,3,0.260241347,0.608056483,0.588230735,-0.945034732,-1.236570128,-0.970529064,17,1,20,18,13,11,14,1,1,1,1,1,-0.044469044
3,4,2,3,4,2,4,2,3,4,2,4,3,4,3,2,4,4,4,2,2,4,4,2,4,2,3,4,3,3,0.100899953,0.070873695,0.19946571,-0.031658655,-0.081084879,-0.734465385,16,1,15,16,16,16,15,1,1,1,1,1,-0.143984998
4,4,3,3,4,3,3,4,2,4,2,4,4,2,3,4,2,3,2,4,2,3,4,2,4,4,2,3,4,4,0.491914996,-0.203671044,0.004511723,-0.485147455,-0.342926688,-0.528642323,18,1,16,15,15,15,17,1,1,1,1,1,-0.102680789
4,4,4,3,2,4,4,2,2,3,2,4,3,4,2,4,4,2,3,4,2,3,3,2,4,2,4,2,4,4,0.222887001,-0.388713971,-0.004652338,0.007922351,-0.558863733,-0.531486565,17,1,15,15,17,14,16,1,1,1,1,1,-0.22236765
4,4,2,4,2,4,4,2,3,3,4,2,2,3,4,2,2,4,3,2,2,3,4,2,4,2,4,3,2,4,-0.033597961,-0.033138586,-0.220285279,-0.782635892,-0.342926688,-0.755030714,16,1,16,15,13,15,15,1,1,1,1,1,-0.334160383
4,4,2,3,4,4,2,3,4,2,2,3,4,4,2,4,2,3,4,2,2,3,4,3,2,4,2,3,4,2,0.269983816,-0.319029133,-0.09132977,-0.296100623,-0.588758993,-0.827816514,17,1,15,15,15,14,15,1,1,1,1,1,-0.323156918
4,4,2,3,2,4,4,4,4,3,4,4,4,2,3,4,4,4,2,3,4,4,3,4,2,4,4,2,3,2,-0.220975361,0.673912028,0.364143175,0.241462861,0.165111426,-0.683474475,15,1,19,17,17,17,15,1,1,1,1,1,0.235014423
4,4,4,2,4,4,4,2,2,4,2,2,2,4,4,4,4,2,3,2,2,4,4,3,4,4,4,2,4,3,0.526468777,-0.198550643,-0.380629933,-0.179828584,0.11376261,-0.297823701,18,1,16,14,15,17,17,1,1,1,1,1,-0.063164744
4,4,4,2,3,4,4,3,3,2,2,4,2,3,2,4,4,2,4,3,2,2,4,4,2,4,4,4,2,4,0.280989189,-0.047564299,-0.407558746,0.102445768,-0.655753313,-0.123197547,17,1,16,13,17,14,18,1,1,1,1,1,-0.269532024
4,4,2,3,4,4,2,4,3,4,4,2,4,3,2,4,4,2,4,3,2,4,4,3,4,2,3,4,4,2,0.269983816,-0.118540246,-0.221282157,0.102445768,0.11376261,-0.647988801,17,1,17,15,17,17,15,1,1,1,1,1,0.060538408
4,2,3,2,3,4,4,3,4,2,2,3,4,3,4,2,4,4,3,4,2,3,3,4,3,4,2,3,2,4,-0.426300037,0.308011085,0.117619529,-0.032306603,-0.389508652,-1.000769681,14,1,17,16,17,15,15,1,1,1,1,1,-0.142851065
4,4,2,4,4,2,2,4,2,4,4,4,4,2,2,4,4,2,2,2,4,2,4,3,4,2,4,4,2,4,0.457361216,-0.560266676,0.160025127,-0.368227468,0.103197158,-0.506447506,18,1,14,16,14,17,16,1,1,1,1,1,-0.098792223
4,4,4,3,4,4,2,4,4,2,4,4,2,4,2,4,4,3,2,4,2,4,2,3,4,4,4,2,4,3,0.713846177,-0.143291518,0.151359504,0.077430898,-0.31811148,-0.297823701,19,1,16,16,17,15,17,1,1,1,1,1,0.108594783
2,4,2,4,4,4,4,2,3,2,4,4,2,4,3,4,4,1,2,2,4,2,3,4,2,4,4,2,4,2,0.11919349,-0.223301914,0.355477553,-0.626134899,-0.358572192,-0.447410796,16,1,15,17,13,15,16,1,1,1,1,1,-0.222671885
4,4,4,2,4,2,4,4,3,4,2,4,3,4,3,2,3,3,3,4,4,2,2,4,3,4,4,2,3,4,0.526468777,0.422348925,0.19946571,-0.571503211,-0.35416934,-0.384300285,18,1,17,16,15,15,17,1,1,1,1,1,0.039181695
2,4,4,3,4,2,4,4,3,2,4,4,2,4,4,2,4,2,3,4,4,2,3,2,4,2,3,4,4,4,0.375678451,0.042022269,0.559595601,-0.548121465,-0.307587376,-0.348814611,17,1,15,18,15,15,17,1,1,1,1,1,0.010045061
4,2,4,3,4,4,4,2,4,3,2,4,2,3,4,2,4,4,3,4,2,4,4,2,3,4,4,4,3,2,0.228488132,0.322436798,0.000677351,-0.032306603,-0.301424776,-0.186308058,17,1,17,15,17,15,17,1,1,1,1,1,-0.01339809
4,4,4,2,3,4,4,2,2,4,4,4,2,4,4,4,4,4,2,2,4,2,4,2,2,4,4,2,4,2,0.280989189,-0.198550643,0.559595601,0.147587393,-0.532330125,-0.447410796,17,1,16,18,16,14,16,1,1,1,1,1,0.034427291
4,4,2,4,3,4,2,3,4,2,4,4,2,4,3,2,4,4,4,2,4,4,2,4,3,2,3,4,4,4,0.211881627,-0.319029133,0.355477553,-0.031658655,0.169514278,-0.348814611,17,1,15,17,16,17,17,1,1,1,1,1,0.089235052
4,4,2,4,4,4,2,4,4,2,4,4,2,2,4,4,4,3,4,2,4,4,2,2,4,4,4,2,2,3,0.457361216,-0.143291518,0.161022005,0.26647773,0.000159197,-0.769951059,18,1,16,16,17,16,15,1,1,1,1,1,0.069497182
4,4,2,4,4,4,4,2,2,2,4,2,3,2,4,4,3,2,4,2,4,4,4,2,4,4,4,2,4,3,0.457361216,-0.578877298,-0.215952468,-0.272718877,0.432033287,-0.297823701,18,1,14,15,15,18,17,1,1,1,1,1,-0.05657048
4,4,4,2,4,4,2,4,3,4,4,4,4,2,4,4,4,2,4,2,4,4,2,2,4,4,4,2,2,4,0.526468777,-0.118540246,0.568261224,0.0085703,0.000159197,-0.620363963,18,1,17,18,16,16,16,1,1,1,1,1,0.270430295
4,4,4,2,4,4,4,4,4,2,2,3,2,4,4,4,4,2,4,2,4,4,2,4,2,2,4,4,4,2,0.526468777,0.4837487,-0.090332892,0.0085703,-0.050825619,-0.333494339,18,1,18,15,16,16,16,1,1,1,1,1,0.10307997
4,4,4,2,2,4,4,4,4,4,2,3,2,4,3,2,4,4,4,2,4,4,2,4,2,4,2,4,4,2,0.035509601,0.864075355,-0.29445094,-0.031658655,-0.050825619,-0.579233305,16,1,20,14,16,16,16,1,1,1,1,1,0.045646378
4,4,4,2,4,4,4,2,2,4,2,4,2,4,4,4,4,4,2,4,4,4,4,2,4,4,4,2,4,2,0.526468777,-0.198550643,0.199964149,0.335338329,0.432033287,-0.447410796,18,1,16,16,18,18,16,1,1,1,1,1,0.24743175
2,2,2,4,4,4,4,4,3,2,4,4,2,2,4,2,4,4,2,2,2,4,3,2,4,2,4,4,4,4,-0.366164555,0.128173315,0.161022005,-0.408456423,-0.297021924,-0.034320148,14,1,17,16,14,15,18,1,1,1,1,1,-0.197548782
4,4,2,3,4,4,4,4,2,2,2,2,4,2,4,2,3,4,2,2,4,4,4,2,4,4,4,2,4,3,0.269983816,-0.227402069,-0.37196431,-0.689745599,0.432033287,-0.297823701,17,1,16,14,13,18,17,1,1,1,1,1,-0.13872749
2,4,3,3,4,2,3,3,2,4,2,2,4,2,2,4,4,2,4,2,2,4,4,4,2,4,2,3,2,4,0.153747271,-0.422484182,-0.780200407,0.0085703,-0.132069695,-1.000769681,16,1,14,12,16,16,15,1,1,1,1,1,-0.517757088
4,4,2,3,4,2,4,3,4,2,4,4,2,4,2,2,4,3,3,2,2,4,2,4,2,4,4,4,2,2,0.269983816,0.221860039,0.151359504,-0.477964969,-0.563943785,-0.422371737,17,1,15,16,14,14,16,1,1,1,1,1,-0.264086288
2,2,2,4,4,2,4,4,2,4,4,2,3,3,4,2,3,2,3,4,4,4,4,4,2,2,4,3,4,3,-0.366164555,0.066773541,-0.01666567,-0.829410641,0.381048471,-0.432490452,14,1,16,16,14,18,16,1,1,1,1,1,-0.129761941
2,3,4,3,4,4,4,3,4,2,4,3,4,2,4,4,4,4,2,2,4,2,4,4,2,4,2,4,4,4,0.132999429,0.308011085,0.277964183,0.147587393,-0.142635147,-0.280059115,16,1,17,17,16,16,18,1,1,1,1,1,0.126760889
3,3,3,3,3,3,3,3,3,3,3,3,3,3,3,3,3,3,3,3,4,4,4,4,4,4,4,4,4,4,-0.165327477,-0.213996603,-0.110302403,-0.38735677,0.821728265,0.348929811,15,1,15,15,15,20,20,1,1,1,1,1,0.025258742
2,2,2,2,2,2,2,2,2,2,2,2,2,2,2,2,2,2,2,2,2,2,2,2,3,3,3,3,3,3,-1.231878532,-1.292068562,-1.187439626,-1.486849638,-1.256982485,-0.791423614,10,1,10,10,10,11,15,1,1,1,1,1,-1.788439271
4,4,4,4,4,3,3,2,3,2,3,3,3,3,3,3,3,3,3,3,4,4,4,4,4,5,4,4,4,4,0.901223577,-0.579897546,-0.110302403,-0.38735677,0.821728265,0.54055479,20,1,13,15,15,20,21,1,1,1,1,1,0.190703935
2,2,2,2,2,2,2,2,2,2,3,3,3,3,3,3,3,3,3,3,4,3,3,3,3,3,3,3,3,3,-1.231878532,-1.292068562,-0.110302403,-0.38735677,-0.071237975,-0.791423614,10,1,10,15,15,16,15,1,1,1,1,1,-0.911505409
4,4,4,4,4,4,4,4,4,4,3,3,3,3,3,3,3,3,3,3,3,3,3,3,3,3,3,3,3,3,0.901223577,0.864075355,-0.110302403,-0.38735677,-0.327797058,-0.791423614,20,1,20,15,15,15,15,1,1,1,1,1,0.221922539
3,3,3,3,3,3,3,3,3,3,3,3,3,3,3,3,3,3,3,4,3,3,3,3,3,3,3,3,3,3,-0.165327477,-0.213996603,-0.110302403,-0.293481303,-0.327797058,-0.791423614,15,1,15,15,16,15,15,1,1,1,1,1,-0.3343223
3,3,3,3,3,3,3,3,3,4,3,3,3,3,3,3,3,3,3,3,5,3,3,3,3,5,4,4,4,5,-0.165327477,-0.023833275,-0.110302403,-0.38735677,0.185321109,0.690141885,15,1,16,15,15,17,22,1,1,1,1,1,-0.042528098
3,3,3,3,3,2,2,2,2,2,3,3,3,3,3,4,4,4,4,4,3,3,4,3,3,4,4,4,4,3,-0.165327477,-1.292068562,-0.110302403,0.712136097,-0.111860013,0.199342716,15,1,10,15,20,16,19,1,1,1,1,1,-0.354247798
2,4,3,2,3,3,3,3,3,3,3,3,3,3,3,3,3,3,3,3,3,3,3,3,3,3,4,3,3,4,-0.279109717,-0.213996603,-0.110302403,-0.38735677,-0.327797058,-0.327342056,14,1,15,15,15,15,17,1,1,1,1,1,-0.385737974
3,3,3,3,3,3,3,3,3,4,3,3,3,3,3,3,3,3,3,3,3,3,3,3,3,3,4,3,4,3,-0.165327477,-0.023833275,-0.110302403,-0.38735677,-0.327797058,-0.240865472,15,1,16,15,15,15,17,1,1,1,1,1,-0.266554217
2,4,2,3,3,2,2,2,4,1,4,2,2,4,2,2,4,2,4,4,2,2,4,3,4,2,4,2,3,3,-0.313663498,-0.771081121,-0.429234578,-0.359722581,-0.409921008,-0.917137339,14,1,11,14,16,15,14,1,1,1,1,1,-0.745928477
4,4,5,4,4,3,3,3,3,3,3,3,4,2,3,2,3,3,3,3,3,3,3,3,3,4,4,4,4,4,1.123154758,-0.213996603,-0.105969592,-0.665378678,-0.327797058,0.348929811,21,1,15,15,14,15,20,1,1,1,1,1,0.021283535
2,4,2,3,3,4,4,4,2,2,2,4,2,3,4,4,4,2,2,2,2,4,4,2,4,2,4,4,2,3,-0.313663498,-0.227402069,0.000677351,-0.368227468,-0.081084879,-0.656034601,14,1,16,15,14,16,15,1,1,1,1,1,-0.345325765
4,2,2,4,2,4,4,4,4,2,2,2,4,3,2,2,2,4,4,2,2,3,2,4,2,4,2,4,2,4,-0.518956006,0.4837487,-0.580913609,-0.594237009,-0.825785594,-0.752186473,14,1,18,13,14,13,16,1,1,1,1,1,-0.524601103
4,4,2,3,4,4,2,2,4,2,4,4,2,4,4,2,2,4,2,4,2,4,4,2,4,4,4,4,2,2,0.269983816,-0.494766747,0.559595601,-0.783283841,-0.081084879,-0.422371737,17,1,14,18,14,16,16,1,1,1,1,1,-0.057219918
4,4,3,4,2,4,2,4,2,3,4,4,2,2,2,2,4,4,4,2,2,3,4,2,4,4,2,3,2,4,0.18833322,-0.664278958,-0.247214093,-0.031658655,-0.342926688,-1.000769681,17,1,15,14,16,15,15,1,1,1,1,1,-0.30237655
4,2,4,4,4,4,4,4,2,2,5,3,3,2,4,2,2,4,3,4,4,4,4,2,4,4,5,4,5,4,0.415865532,-0.227402069,0.254160299,-0.594884957,0.432033287,0.899487952,18,1,16,17,15,18,22,1,1,1,1,1,0.334361358
2,2,2,4,4,2,2,4,4,2,4,4,2,3,4,4,2,3,4,4,4,4,4,4,4,4,4,5,4,5,-0.366164555,-0.229442564,0.360308803,-0.108349688,0.821728265,0.747100114,14,1,14,17,17,20,22,1,1,1,1,1,0.182912032
4,4,2,2,4,4,4,4,4,4,2,2,4,4,4,2,2,3,4,4,4,4,4,4,4,5,5,5,5,5,0.082606416,0.864075355,0.026609287,-0.664393504,0.821728265,1.489283235,16,1,20,16,15,20,25,1,1,1,1,1,0.587189698
2,2,2,4,4,4,4,3,3,4,4,2,3,3,3,4,4,2,2,4,4,4,4,4,2,5,5,5,5,5,-0.366164555,0.332762356,-0.220783718,-0.180476532,0.381048471,1.489283235,14,1,18,15,16,18,25,1,1,1,1,1,0.194373682
4,2,2,2,2,4,4,2,3,3,4,4,4,2,3,4,4,4,3,3,4,4,2,2,3,5,5,5,5,5,-0.893710806,-0.033138586,0.364143175,0.429861745,-0.2201807,1.489283235,12,1,16,17,18,15,25,1,1,1,1,1,0.014731595
4,4,4,2,4,4,2,2,4,4,4,4,4,4,4,4,4,4,2,2,4,4,2,2,2,4,4,4,4,4,0.526468777,-0.114440092,0.96683482,0.147587393,-0.440520597,0.348929811,18,1,16,20,16,14,20,1,1,1,1,1,0.329423669
2,2,2,4,4,4,4,4,4,4,4,4,4,4,2,4,4,2,2,2,2,2,2,2,2,4,4,4,4,4,-0.366164555,0.864075355,0.558598723,-0.368227468,-1.477322382,0.348929811,14,1,20,18,14,10,20,1,1,1,1,1,-0.098429903
2,2,4,3,3,4,2,4,3,4,4,4,2,3,3,4,4,2,2,3,2,2,2,2,4,4,5,4,5,4,-0.355159182,-0.118540246,0.156190754,-0.274352,-1.036642588,0.899487952,14,1,17,16,15,12,22,1,1,1,1,1,-0.247338208
2,3,3,4,4,4,4,2,3,4,4,4,2,3,3,3,3,4,2,4,4,4,2,4,4,4,5,4,5,4,0.098445648,0.157024742,0.156190754,-0.223972756,0.389854175,0.899487952,16,1,17,16,16,18,22,1,1,1,1,1,0.252042432
2,2,4,3,4,4,4,3,4,2,4,4,2,3,4,4,4,2,3,4,2,2,4,3,4,5,4,5,4,5,-0.109679594,0.308011085,0.360308803,0.007922351,-0.409921008,0.938725094,15,1,17,17,17,15,23,1,1,1,1,1,0.160607608
2,4,2,4,4,2,3,2,3,4,4,4,2,3,4,4,4,4,4,4,2,2,4,4,3,4,4,4,4,4,0.11919349,-0.242646413,0.360308803,0.712136097,-0.435413416,0.348929811,16,1,14,17,20,15,20,1,1,1,1,1,0.076251958
4,3,4,3,4,4,3,4,4,4,2,2,2,4,4,4,4,2,4,4,4,2,4,4,4,4,5,4,5,4,0.471167154,0.550555247,-0.380629933,0.196321235,0.298044647,0.899487952,18,1,19,14,18,18,22,1,1,1,1,1,0.415151435
2,2,2,3,3,2,2,3,3,4,4,2,3,3,4,2,4,4,3,4,4,4,2,3,4,4,5,4,5,4,-0.799021543,-0.380428907,-0.01666567,-0.032306603,0.195006686,0.899487952,12,1,14,16,17,17,22,1,1,1,1,1,-0.178868993
4,4,2,2,4,4,4,5,4,4,4,4,4,4,2,4,4,2,2,3,4,4,3,3,4,5,4,5,4,5,0.082606416,1.03981297,0.558598723,-0.274352,0.410943731,0.938725094,16,1,21,18,15,18,23,1,1,1,1,1,0.646653388
4,4,4,3,4,4,2,3,4,4,4,3,4,2,2,4,2,2,2,4,4,3,2,4,4,5,4,5,4,5,0.713846177,0.061297523,-0.130271914,-0.743054886,0.128012366,0.938725094,19,1,17,15,14,17,23,1,1,1,1,1,0.222296515
4,4,2,3,3,2,2,3,3,4,4,4,2,2,4,4,4,3,3,2,4,4,3,4,2,5,4,5,4,5,0.024504227,-0.380428907,0.161022005,0.078078847,0.165111426,0.938725094,16,1,14,16,16,17,23,1,1,1,1,1,0.021396339
4,4,2,3,4,2,2,3,3,3,4,4,4,3,3,2,3,3,4,2,4,4,2,2,4,5,4,5,4,5,0.269983816,-0.570592235,0.563429973,-0.570855262,0.000159197,0.938725094,17,1,13,18,14,16,23,1,1,1,1,1,0.028310421
4,4,2,3,4,4,4,4,2,2,4,2,2,2,4,4,2,2,4,4,3,3,4,4,3,5,4,5,4,5,0.269983816,-0.227402069,-0.419572077,-0.366257118,0.082987476,0.938725094,17,1,16,14,16,17,23,1,1,1,1,1,0.050532973
4,2,3,4,4,4,4,3,3,3,2,2,4,4,4,4,4,4,2,4,2,4,4,2,4,5,4,5,4,5,0.193934351,0.142599028,0.026609287,0.335338329,-0.081084879,0.938725094,17,1,17,16,18,16,23,1,1,1,1,1,0.290636929
2,3,4,2,2,4,4,3,4,4,4,4,3,4,2,2,2,4,2,4,4,4,4,2,4,5,4,5,4,5,-0.545337147,0.688337741,0.354979114,-0.783283841,0.432033287,0.938725094,13,1,19,17,14,18,23,1,1,1,1,1,0.236684249
2,4,3,3,4,4,2,3,3,2,4,3,4,2,2,2,3,2,4,4,4,2,3,3,3,5,4,5,4,5,0.153747271,-0.674604517,-0.130271914,-0.641011758,-0.333079784,0.938725094,16,1,14,15,15,15,23,1,1,1,1,1,-0.212400057
5,3,4,4,2,4,3,2,4,3,4,2,3,4,2,2,2,3,4,4,2,3,2,4,4,5,4,5,4,5,0.336669241,0.008916689,-0.225614968,-0.664393504,-0.3851058,0.938725094,18,1,16,15,15,15,23,1,1,1,1,1,0.025967458
2,2,4,4,3,2,4,4,4,4,2,4,3,4,3,2,2,4,4,4,2,4,4,3,4,5,4,5,4,5,-0.167781782,0.777924309,0.19946571,-0.406486073,0.11376261,0.938725094,15,1,18,16,16,17,23,1,1,1,1,1,0.225008988
4,4,2,3,4,4,2,3,3,4,2,2,4,3,4,4,3,4,5,4,2,2,2,3,2,5,4,5,4,5,0.269983816,-0.294277861,-0.172677512,0.619245804,-1.282474892,0.938725094,17,1,16,15,20,11,23,1,1,1,1,1,-0.063925778
4,4,4,4,3,2,2,4,4,4,5,4,3,4,4,3,4,2,4,4,2,2,4,4,3,5,4,5,4,5,0.655743989,0.150884092,0.943030937,-0.081700673,-0.435413416,0.938725094,19,1,16,20,17,15,23,1,1,1,1,1,0.546455838
4,4,4,2,3,4,4,4,2,2,2,2,5,3,4,2,3,4,4,2,4,4,2,3,4,5,4,5,4,5,0.280989189,-0.227402069,0.030942098,-0.312947832,0.195006686,0.938725094,17,1,16,16,15,17,23,1,1,1,1,1,0.165465431
2,2,2,3,4,2,3,4,2,4,5,4,2,4,3,4,4,2,3,4,4,2,3,4,4,5,4,5,4,5,-0.553541955,-0.246746567,0.535293278,0.007922351,0.082107602,0.938725094,13,1,15,18,17,17,23,1,1,1,1,1,0.116362543
4,4,2,3,4,4,4,2,3,3,4,4,4,4,2,4,4,2,2,2,2,2,4,2,3,5,4,5,5,5,0.269983816,-0.033138586,0.558598723,-0.368227468,-0.825108395,1.174788772,17,1,16,18,14,13,24,1,1,1,1,1,0.068200769
4,4,3,4,4,4,2,3,4,4,5,4,4,2,3,4,4,5,3,2,2,3,4,2,4,5,4,5,5,5,0.679292396,0.061297523,0.543958901,0.593893708,-0.342926688,1.174788772,19,1,17,18,18,15,24,1,1,1,1,1,0.517524036
4,4,2,3,2,2,2,4,4,4,3,4,2,3,3,4,4,3,4,2,5,4,3,4,4,5,4,5,4,5,-0.220975361,0.150884092,-0.023624972,0.26647773,0.862350304,0.938725094,15,1,16,15,17,20,23,1,1,1,1,1,0.23349004
4,4,2,3,4,4,2,3,3,4,4,2,3,3,3,2,2,2,4,4,4,4,2,3,4,5,4,5,4,5,0.269983816,-0.294277861,-0.220783718,-0.922300934,0.195006686,0.938725094,17,1,16,15,14,17,23,1,1,1,1,1,0.048488282
4,4,3,3,3,2,3,3,4,4,4,4,4,3,3,4,2,3,4,4,4,2,2,3,2,5,4,5,4,5,0.246435408,0.288666586,0.563429973,-0.108349688,-0.769356726,0.938725094,17,1,16,18,17,13,23,1,1,1,1,1,0.165781235
4,4,2,3,4,4,4,3,4,2,4,2,2,3,4,4,2,3,3,4,2,3,4,4,2,4,5,4,5,5,0.269983816,0.308011085,-0.220285279,-0.296748571,-0.393911504,1.049075048,17,1,17,15,16,15,23,1,1,1,1,1,0.075576209
2,3,4,4,4,4,4,3,4,2,4,4,3,4,4,4,2,2,3,4,4,4,3,4,2,5,4,5,5,5,0.320376829,0.308011085,0.763215211,-0.554656002,0.165111426,1.174788772,17,1,17,19,15,17,24,1,1,1,1,1,0.483375693
4,4,2,2,3,4,2,3,3,4,4,2,3,3,4,4,4,4,4,2,4,2,4,4,3,4,4,5,4,4,-0.162873173,-0.294277861,-0.01666567,0.524385161,0.07770475,0.597513019,15,1,16,16,18,17,21,1,1,1,1,1,0.13235557
4,4,2,4,3,4,3,2,3,4,2,3,4,4,2,2,2,3,2,4,4,4,2,3,4,4,4,5,4,4,0.211881627,-0.156495367,-0.09132977,-1.041191271,0.195006686,0.597513019,17,1,16,15,13,17,21,1,1,1,1,1,-0.034068414
4,4,2,3,2,4,4,4,4,2,2,2,4,3,4,2,3,4,4,4,4,4,4,2,3,4,3,3,4,3,-0.220975361,0.4837487,-0.172677512,-0.125196896,0.21169339,-0.363734956,15,1,18,15,17,17,17,1,1,1,1,1,0.058731486
4,2,3,2,2,4,4,4,2,3,4,4,2,2,4,4,4,2,2,2,2,4,4,2,3,4,4,5,4,4,-0.671779625,-0.037238741,0.161022005,-0.368227468,-0.301424776,0.597513019,13,1,17,16,14,15,21,1,1,1,1,1,-0.187849135
4,2,3,3,3,2,2,4,4,4,5,4,5,3,4,5,3,4,2,4,4,4,5,4,4,4,4,5,4,4,-0.238922637,0.150884092,1.150983357,0.33207106,1.03766531,0.597513019,15,1,16,21,18,21,21,1,1,1,1,1,0.752510075
4,2,3,3,4,4,2,3,3,4,4,2,3,5,5,2,3,4,3,4,2,2,3,2,4,4,4,5,4,5,0.006556951,-0.294277861,0.586025976,-0.31359578,-0.820705543,0.747100114,16,1,16,19,16,13,22,1,1,1,1,1,0.12734464
4,2,3,3,4,4,2,2,3,3,4,2,3,4,4,5,3,4,2,3,2,3,4,2,5,2,3,3,2,4,0.006556951,-0.660178804,0.182621129,0.238195592,-0.122586792,-1.069525177,16,1,14,17,17,16,14,1,1,1,1,1,-0.113008505
2,3,2,3,4,2,2,3,2,2,4,4,2,4,3,2,4,2,3,3,4,4,2,2,4,4,4,5,4,5,-0.310862933,-1.116330947,0.355477553,-0.641996932,0.000159197,0.747100114,14,1,11,17,14,16,22,1,1,1,1,1,-0.363426146
4,4,2,1,1,5,1,1,1,1,1,1,1,1,1,3,4,4,4,5,4,3,2,4,5,4,4,5,4,3,-0.841209749,-2.197838428,-2.264576849,0.527989656,0.348352263,0.447925924,12,1,9,5,20,18,20,1,0,1,1,1,-1.217451907
4,2,2,4,4,4,4,3,1,4,5,4,2,3,3,4,4,4,4,2,4,2,2,4,2,5,4,5,4,5,-0.02799683,-0.378388412,0.33600648,0.524385161,-0.574509237,0.938725094,16,1,16,17,18,14,23,1,1,1,1,1,0.131937127
4,4,2,2,4,4,2,2,4,3,4,2,2,2,4,4,4,4,4,2,4,2,3,3,4,5,4,5,4,5,0.082606416,-0.304603419,-0.419572077,0.524385161,-0.112739887,0.938725094,16,1,15,14,18,16,23,1,1,1,1,1,-0.047712514
4,4,3,4,4,4,4,2,2,2,2,2,1,3,4,4,4,2,4,2,1,1,2,4,4,5,4,5,4,5,0.679292396,-0.578877298,-0.78353634,0.0085703,-1.165348502,0.938725094,19,1,14,12,16,12,23,1,1,1,1,1,-0.415991159
2,2,1,4,4,4,2,2,4,4,4,4,2,2,4,4,4,4,2,2,4,4,2,4,4,5,4,5,4,5,-0.588095736,-0.114440092,0.161022005,0.147587393,0.389854175,0.938725094,13,1,16,16,16,18,23,1,1,1,1,1,0.045051097
3,2,3,2,2,4,2,4,3,3,3,4,3,2,3,3,4,4,4,2,4,3,3,4,3,2,5,5,4,4,-0.840863488,-0.308703574,-0.01929216,0.246363253,0.123609514,0.528757523,12,1,16,15,17,17,20,1,1,1,1,1,-0.169936381
4,2,4,3,4,5,4,4,4,3,3,4,4,3,4,4,4,2,4,2,4,4,3,4,3,1,4,5,3,3,0.228488132,0.716987551,0.587732296,0.0085703,0.385451323,-0.363012693,17,1,20,18,16,18,16,1,1,1,1,1,0.526302909
4,4,4,2,2,2,2,4,4,3,4,2,3,4,2,2,2,3,4,2,2,2,4,4,2,2,2,2,4,4,0.035509601,-0.039279236,-0.225614968,-0.852144439,-0.655753313,-1.16047549,16,1,15,15,13,14,14,1,1,1,1,1,-0.478570662
3,1,1,2,3,2,2,4,2,4,1,2,4,2,4,3,2,4,4,5,2,2,4,4,4,4,5,4,5,4,-1.281925284,-0.560266676,-0.551780036,-0.034588697,-0.215073519,0.899487952,10,1,14,13,18,16,22,1,1,1,1,1,-0.538763228
4,2,2,4,1,2,2,2,3,4,2,2,4,4,2,4,4,4,2,2,2,4,2,2,3,4,5,4,5,4,-0.764435594,-0.556166522,-0.381626811,0.147587393,-0.733298866,0.899487952,13,1,13,14,16,13,22,1,1,1,1,1,-0.616722643
4,4,2,4,3,5,2,3,4,4,1,1,2,4,4,4,4,2,3,3,4,4,2,2,1,4,5,4,5,4,0.211881627,0.104373046,-0.850742699,-0.085953116,-0.660860494,0.899487952,17,1,18,12,16,13,22,1,1,1,1,1,-0.230034737
2,2,1,4,2,4,4,2,3,3,3,2,4,2,3,4,4,4,2,2,2,2,4,4,2,5,4,5,4,5,-1.079054912,-0.033138586,-0.396266633,0.147587393,-0.655753313,0.938725094,11,1,16,14,16,14,23,1,1,1,1,1,-0.452442754
4,2,4,3,4,4,4,4,3,3,3,3,2,2,4,2,3,2,4,4,4,2,2,2,4,4,5,4,5,4,0.228488132,0.318336643,-0.309090762,-0.641011758,-0.523524421,0.899487952,17,1,18,14,15,14,22,1,1,1,1,1,-0.056692656
2,4,4,4,2,4,4,2,2,4,2,2,1,4,4,4,4,2,2,4,3,2,4,4,4,5,4,5,4,5,0.072096675,-0.198550643,-0.584249542,-0.180476532,0.041485564,0.938725094,16,1,16,13,16,17,23,1,1,1,1,1,-0.081394705
2,4,3,3,2,4,4,3,3,2,4,4,2,4,4,4,2,2,2,2,4,4,3,3,2,5,4,5,4,5,-0.337211906,-0.047564299,0.559595601,-0.930805822,-0.029736063,0.938725094,14,1,16,18,12,16,23,1,1,1,1,1,-0.021233057
4,4,2,2,4,4,4,2,3,3,2,2,4,4,4,4,4,4,4,2,4,4,4,2,3,4,5,4,5,4,0.082606416,-0.033138586,0.026609287,0.524385161,0.21169339,0.899487952,16,1,16,16,18,17,22,1,1,1,1,1,0.208421421
3,1,1,1,4,4,4,2,2,4,1,2,2,1,3,4,4,2,4,4,4,4,4,2,2,4,5,4,5,4,-1.223823096,-0.198550643,-1.362424102,0.196321235,-0.008646507,0.899487952,10,1,16,9,18,16,22,1,1,1,1,1,-0.718857474
4,3,1,2,1,1,2,1,2,1,1,2,3,1,4,1,4,2,3,1,1,4,4,2,3,1,4,3,2,1,-1.118442552,-1.701045028,-0.954686444,-1.107769776,-0.55798386,-1.395416979,11,1,7,11,11,14,11,1,1,1,1,1,-1.721052117
4,1,1,1,1,1,1,1,2,2,2,3,1,1,1,1,1,3,3,1,3,2,3,3,1,3,3,4,4,1,-1.791177997,-1.824401808,-1.504167042,-1.693729876,-1.030318661,-0.605950917,8,1,7,8,9,12,15,1,1,1,1,1,-2.227236795
4,1,1,1,1,1,1,1,1,1,2,1,1,1,1,1,2,4,4,1,3,1,1,3,2,4,4,4,4,1,-1.791177997,-2.37014052,-2.084761124,-0.966134384,-1.503694663,-0.099831475,8,1,5,6,12,10,17,0,1,1,1,1,-2.465876419
4,3,1,1,1,4,1,2,2,2,3,2,1,1,1,1,14,3,3,1,3,2,3,3,1,3,3,4,4,1,-1.305819952,-1.519437624,-1.614648357,1.963029423,-1.030318661,-0.605950917,10,1,11,8,22,12,15,1,1,1,1,1,-1.34398941
4,1,1,1,1,1,1,1,1,1,2,1,1,1,1,1,2,4,4,1,3,2,1,3,2,4,4,4,4,1,-1.791177997,-2.37014052,-2.084761124,-0.966134384,-1.241852854,-0.099831475,8,1,5,6,12,11,17,0,1,1,1,1,-2.407466796
4,1,1,1,1,1,1,1,1,1,2,1,1,1,1,1,2,4,4,1,3,1,1,3,2,4,4,4,4,1,-1.791177997,-2.37014052,-2.084761124,-0.966134384,-1.503694663,-0.099831475,8,1,5,6,12,10,17,0,1,1,1,1,-2.465876419
4,3,1,1,1,4,2,1,2,2,2,3,1,1,1,1,1,3,3,1,3,2,3,3,1,3,3,4,4,1,-1.305819952,-1.381655131,-1.504167042,-1.693729876,-1.030318661,-0.605950917,10,1,11,8,9,12,15,1,1,1,1,1,-1.859750718
2,3,2,3,3,4,4,4,5,2,2,4,4,4,3,4,4,4,4,4,2,4,3,4,4,4,2,4,4,2,-0.556342521,0.839324084,0.40308532,0.712136097,0.092673054,-0.579233305,13,1,19,17,20,17,16,1,1,1,1,1,0.266228685
5,4,5,5,3,5,4,5,1,1,4,5,3,2,4,5,4,5,5,5,4,3,4,3,4,4,4,5,5,5,1.234136432,-0.554327643,0.654938655,1.530339787,0.365038967,0.983163793,22,1,16,18,24,18,23,1,1,1,1,1,1.00866936
2,4,2,1,4,4,2,2,3,4,4,2,5,3,5,5,2,2,2,3,2,2,4,4,5,5,4,5,4,5,-0.44293871,-0.470015476,0.594691598,-0.558908446,0.005266378,0.938725094,13,1,15,19,14,17,23,1,1,1,1,1,0.074643905
4,4,2,3,4,4,4,3,3,4,2,4,3,4,4,4,4,3,2,4,4,2,4,2,2,5,4,5,4,5,0.269983816,0.332762356,0.403583759,0.077430898,-0.532330125,0.938725094,17,1,18,17,17,14,23,1,1,1,1,1,0.276006218
4,3,2,3,4,4,4,3,3,2,1,2,2,3,3,4,2,4,4,3,4,2,3,3,4,5,4,5,4,5,0.027304793,-0.047564299,-0.963850505,0.055682275,-0.112739887,0.938725094,16,1,16,11,17,16,23,1,1,1,1,1,-0.254736786
4,2,4,4,4,4,4,4,2,3,4,2,2,4,4,4,4,3,3,2,3,4,2,3,4,5,4,5,4,5,0.415865532,-0.037238741,-0.020998481,0.078078847,-0.061552397,0.938725094,18,1,17,16,16,16,23,1,1,1,1,1,0.265913511
4,3,4,4,4,4,4,4,3,3,4,2,3,4,4,4,4,3,4,2,2,3,3,1,2,5,4,5,4,5,0.658544554,0.318336643,0.182621129,0.26647773,-1.194391017,0.938725094,19,1,18,17,17,11,23,1,1,1,1,1,0.2100263
3,3,3,2,2,2,4,3,4,4,5,4,3,3,5,4,4,4,5,1,5,5,3,5,3,1,5,5,4,4,-0.598184465,0.602186695,0.947862187,0.618908577,1.098699705,0.337132543,13,1,17,20,18,21,19,1,1,1,1,1,0.587634453
5,5,5,5,5,1,5,5,4,4,5,5,4,2,5,4,4,4,5,4,5,5,4,5,3,1,4,5,3,3,1.967774631,1.22410651,1.242492039,0.900534981,1.31463675,-0.363012693,25,1,19,21,21,22,16,1,1,1,1,1,1.562657271
5,4,5,4,5,2,5,1,4,4,5,5,4,4,4,4,4,4,4,3,5,4,3,5,5,1,5,5,4,4,1.537718209,0.564231573,1.436947587,0.618260629,1.27753769,0.337132543,23,1,16,22,19,22,19,1,1,1,1,1,1.322009907
5,5,5,5,3,2,5,2,4,4,5,4,3,3,5,5,4,4,4,1,5,4,4,5,5,1,5,5,4,3,1.476815455,0.739969188,0.947862187,0.708531601,1.493474735,0.187545448,23,1,17,20,18,23,18,1,1,1,1,1,1.229257086
5,4,5,3,3,2,5,4,4,4,4,4,4,4,4,4,4,4,5,3,4,4,3,4,3,2,4,4,4,4,0.859381632,1.091444418,0.96683482,0.806659513,0.385451323,-0.034320148,20,1,19,20,20,18,18,1,1,1,1,1,0.981801997
4,4,4,4,4,2,4,4,4,4,5,4,4,4,4,4,4,4,4,3,5,5,5,5,5,1,5,5,5,5,0.901223577,0.777924309,1.146650546,0.618260629,1.971253589,0.722783317,20,1,18,21,19,25,21,1,1,1,1,1,1.428063458
4,4,5,3,3,2,5,2,4,4,5,4,3,2,5,4,4,4,5,1,5,5,3,4,5,1,5,5,4,3,0.69029777,0.739969188,0.748575388,0.618908577,1.34453201,0.187545448,19,1,17,19,18,22,18,1,1,1,1,1,0.875046356
4,4,3,2,2,2,5,4,4,3,5,5,3,2,4,4,4,3,5,2,4,3,3,4,3,4,5,5,4,4,-0.18642158,0.90128109,0.834754381,0.454876614,0.123609514,0.912007482,15,1,18,19,18,17,22,1,1,1,1,1,0.514825113
5,5,5,3,5,3,5,1,4,5,5,5,5,3,4,4,4,4,5,1,5,5,4,4,5,2,5,5,5,4,1.593019831,0.797470424,1.441280398,0.618908577,1.560469055,0.764821202,23,1,18,22,18,23,21,1,1,1,1,1,1.512746895
3,2,2,1,3,5,2,1,2,1,1,2,1,1,1,5,5,2,1,1,1,1,1,2,1,5,5,5,4,1,-1.004692481,-1.528742936,-1.974279808,-0.091190735,-2.432000216,0.654871176,11,1,11,6,14,6,20,1,1,1,1,1,-2.004613781
3,2,4,1,4,4,4,2,4,5,4,3,5,3,4,5,4,4,4,2,2,1,5,3,5,5,4,5,5,1,-0.315350531,0.702763454,0.680870591,0.802407069,-0.235485876,0.576440392,14,1,19,19,19,16,20,1,1,1,1,1,0.463141493
4,4,5,3,1,1,4,4,5,5,4,5,4,1,5,5,5,5,5,4,5,4,4,5,5,4,4,5,5,5,0.199338593,1.280587498,0.863389515,1.717753496,1.493474735,0.983163793,17,1,19,19,24,23,23,1,1,1,1,1,1.298576143
5,4,3,2,1,5,3,1,2,3,1,2,3,3,5,5,4,3,4,5,1,2,3,2,1,5,4,3,2,1,-0.262817305,-0.834896171,-0.351994799,0.826126042,-1.738284317,-0.628917061,15,1,14,14,21,9,15,1,1,1,1,1,-0.62827279
3,4,2,1,1,5,3,4,3,3,1,3,2,3,3,4,4,4,3,3,3,3,4,3,4,4,3,4,3,3,-1.010293612,0.047892058,-0.673553464,0.429861745,0.108479884,-0.351215426,11,1,18,12,18,17,17,1,1,1,1,1,-0.352002078
5,4,4,4,3,2,3,3,3,4,4,4,4,4,4,4,4,4,4,2,4,4,4,4,4,2,4,4,4,4,0.824827852,-0.066908798,0.96683482,0.524385161,0.821728265,-0.034320148,20,1,15,20,18,20,18,1,1,1,1,1,0.761036225
4,4,5,3,3,2,5,5,4,4,5,5,4,3,5,4,4,4,4,4,5,5,4,4,4,2,4,4,4,4,0.69029777,1.267182033,1.441778837,0.712136097,1.340129158,-0.034320148,19,1,20,22,20,22,18,1,1,1,1,1,1.3799817
4,4,4,4,4,2,5,1,5,4,5,5,5,4,4,4,4,4,4,4,4,4,4,4,4,2,4,4,4,4,0.901223577,0.919806957,1.640567197,0.712136097,0.821728265,-0.034320148,20,1,17,23,20,20,18,1,1,1,1,1,1.201412288
4,4,5,4,4,2,5,2,4,4,5,5,4,3,4,4,4,4,4,1,5,5,4,5,4,2,4,4,4,4,1.123154758,0.739969188,1.237660789,0.430509693,1.534976647,-0.034320148,21,1,17,21,17,23,18,1,1,1,1,1,1.157637389
4,4,4,2,1,2,5,2,3,4,5,4,3,2,4,4,4,4,4,1,4,4,4,4,4,1,5,5,5,5,-0.209969987,0.384393804,0.54445734,0.430509693,0.821728265,0.722783317,15,1,16,18,17,20,21,1,1,1,1,1,0.422516898
5,4,5,3,2,2,5,3,3,4,5,5,2,2,4,4,4,4,4,1,5,4,4,4,4,2,4,4,4,4,0.613902044,0.560131419,0.631134771,0.430509693,1.078287349,-0.034320148,19,1,17,18,17,21,18,1,1,1,1,1,0.699659584
4,2,1,1,1,4,1,1,1,2,2,1,1,2,2,2,3,3,2,3,1,2,1,2,1,1,2,3,1,2,-1.548498975,-2.050750623,-1.681356277,-0.853777562,-2.170158407,-2.110882488,9,1,9,8,13,7,9,1,1,1,1,1,-2.305494333
2,1,2,2,2,5,2,2,2,4,3,4,2,2,4,4,5,4,5,5,4,5,3,4,5,4,4,5,5,5,-1.474557554,-0.782515337,-0.018793721,1.275699625,1.087972926,0.983163793,9,1,15,15,23,21,23,1,1,1,1,1,0.137637207
2,4,1,2,1,4,4,2,1,5,1,3,2,2,5,4,4,2,4,1,4,4,5,4,2,2,4,5,4,1,-1.213931255,-0.363962699,-0.464604166,-0.085305168,0.596985516,-0.234498226,10,1,16,13,15,19,16,1,1,1,1,1,-0.482085882
4,2,2,2,1,5,2,3,2,2,2,2,3,2,4,4,4,3,4,4,2,4,4,2,2,2,2,4,3,2,-1.139190394,-0.987104378,-0.57558392,0.454228666,-0.521764673,-1.198546943,11,1,14,13,19,14,13,1,1,1,1,1,-0.754256421
3,2,1,1,1,1,1,1,1,1,2,2,2,1,1,1,1,1,1,1,3,2,2,3,2,4,2,4,1,1,-1.717582838,-2.37014052,-1.590844473,-2.586342505,-1.025915809,-1.437011437,8,1,5,8,5,12,12,0,1,0,1,1,-2.579375267
1,2,2,1,1,1,1,1,1,1,2,2,2,1,1,1,1,1,1,1,3,2,2,3,1,4,2,3,1,1,-1.833819383,-2.37014052,-1.590844473,-2.586342505,-1.246255706,-1.685594645,7,1,5,8,5,11,11,0,1,0,1,1,-2.713850741
2,2,2,2,2,4,4,4,2,4,4,2,2,2,2,2,2,4,5,4,2,2,2,4,2,2,2,2,2,2,-1.231878532,0.152924587,-0.827808174,-0.218087189,-1.087627403,-1.931777038,10,1,18,12,17,12,10,1,1,1,1,1,-0.888438239
2,2,2,2,4,4,4,2,4,2,3,4,2,3,3,3,4,3,4,4,5,4,5,4,5,5,4,5,4,5,-0.740919355,0.13227347,-0.023624972,0.176206758,1.514564291,0.938725094,12,1,16,15,18,23,23,1,1,1,1,1,0.284519429
3,2,1,1,1,5,3,1,2,3,1,2,2,1,1,3,3,2,4,4,1,2,2,3,3,4,3,4,3,2,-1.717582838,-0.834896171,-1.770660199,-0.36298985,-1.318694079,-0.500802521,8,1,14,7,16,11,16,1,1,1,1,1,-1.61187565
3,3,4,4,3,3,4,3,4,3,3,4,3,2,4,3,2,3,2,4,3,4,3,4,3,3,4,3,4,4,0.243981103,0.45509889,0.184825888,-0.763169363,0.12889224,-0.091278377,17,1,17,16,14,17,18,1,1,1,1,1,0.083143893
3,3,4,3,3,3,3,3,4,4,3,3,3,4,4,3,3,4,3,4,3,3,3,3,3,3,3,3,3,3,0.056603703,0.331742109,0.293102444,-0.035573872,-0.327797058,-0.791423614,16,1,17,17,17,15,15,1,1,1,1,1,0.04370109
3,3,3,4,4,3,3,4,4,4,3,4,3,4,3,3,3,4,4,4,3,3,4,4,4,3,4,4,3,3,0.267529511,0.507479724,0.379281436,0.152825012,0.303327373,-0.228345943,17,1,18,17,18,18,17,1,1,1,1,1,0.420670413
1,1,2,3,3,1,3,1,3,3,5,4,4,4,3,2,2,1,1,4,2,3,1,3,1,1,1,1,2,3,-1.210784429,-0.651622879,0.942532498,-1.745405017,-1.456910025,-2.536892594,10,1,11,20,10,10,8,1,1,1,1,1,-1.159347213
4,3,5,4,4,4,5,5,4,4,3,3,4,4,3,3,3,3,4,4,3,3,4,4,4,3,3,3,4,4,0.880475735,1.353333079,0.292604005,-0.105082419,0.303327373,-0.40577284,20,1,22,17,17,18,17,1,1,1,1,1,0.803107019
1,3,3,3,5,1,4,5,4,3,4,4,4,4,4,4,4,4,4,4,2,4,1,3,3,3,2,1,2,4,-0.012536027,0.720423073,0.96683482,0.712136097,-0.754388422,-1.689561077,15,1,17,20,20,13,12,1,1,1,1,1,0.15886469
3,4,4,3,4,3,3,4,3,4,3,3,4,4,4,4,4,3,4,4,3,3,4,4,3,3,3,4,4,3,0.544762314,0.15190434,0.496722053,0.454228666,0.082987476,-0.306776727,18,1,17,18,19,17,17,1,1,1,1,1,0.469303133
3,4,4,3,4,3,3,4,3,4,3,3,4,4,4,3,4,3,4,4,3,4,3,4,3,3,4,3,4,4,0.544762314,0.15190434,0.496722053,0.176206758,0.12889224,-0.091278377,18,1,17,18,18,17,18,1,1,1,1,1,0.451070561
3,3,3,4,4,3,3,3,4,4,3,3,4,4,4,4,3,3,3,4,3,4,4,3,3,3,3,4,4,3,0.267529511,0.331742109,0.496722053,-0.015459395,0.149981796,-0.306776727,17,1,17,18,17,17,17,1,1,1,1,1,0.335330764
3,3,4,4,3,3,4,3,4,3,3,4,4,3,4,3,3,4,3,3,3,3,3,3,3,3,3,3,4,4,0.243981103,0.45509889,0.587732296,-0.12944934,-0.327797058,-0.40577284,17,1,17,18,16,15,17,1,1,1,1,1,0.17883757
5,4,3,2,2,5,4,3,4,2,4,4,3,3,3,4,4,4,4,2,4,3,3,4,4,4,2,5,4,4,-0.017337717,0.351086608,0.359810364,0.524385161,0.343949411,-0.031475907,16,1,18,17,18,18,19,1,1,1,1,1,0.408928685
3,2,4,1,3,2,3,4,4,5,2,3,2,2,4,4,4,3,2,2,4,2,5,2,4,3,2,5,4,4,-0.560830119,0.654567529,-0.488906488,-0.110320037,0.124286714,-0.223100886,13,1,18,13,15,17,18,1,1,1,1,1,-0.26303039
1,4,4,3,2,5,4,3,2,1,5,4,1,3,1,5,3,2,3,4,5,5,5,3,4,4,3,4,2,3,-0.284364588,-0.550227489,-0.275849226,0.004655083,1.361218714,-0.587279105,14,1,15,14,17,22,16,1,1,1,1,1,0.003732707
3,4,1,1,1,4,2,3,2,3,3,2,2,2,3,4,4,4,4,4,4,3,4,4,3,5,4,5,4,5,-1.232224792,-0.840016573,-0.803505852,0.712136097,0.339546559,0.938725094,10,1,14,12,20,18,23,1,1,1,1,1,-0.398457915
3,1,5,1,1,5,3,3,2,2,1,1,2,1,1,3,4,3,5,1,3,2,3,2,3,1,2,5,4,3,-1.072537137,-0.673584269,-2.06095724,0.082979239,-0.784486356,-0.75593794,11,1,15,6,16,13,15,1,1,1,1,1,-1.365368271
4,4,5,1,5,1,1,3,5,4,1,1,5,5,4,1,1,2,1,2,4,1,4,4,4,5,5,5,5,3,0.806502146,-0.02587377,-0.040597072,-2.234559606,0.036202838,1.190109045,19,1,14,16,7,17,23,1,1,1,1,1,-0.171795754
4,4,5,1,1,5,4,3,3,3,2,1,2,1,2,4,4,4,5,2,4,2,4,4,4,5,5,5,5,4,-0.175416207,0.185674552,-1.677023465,0.712784045,0.298044647,1.33969614,15,1,18,8,19,18,24,1,1,1,1,1,-0.194543792
2,2,3,2,3,2,2,3,3,3,2,2,3,2,3,1,1,1,2,2,2,2,3,2,2,3,3,3,3,3,-0.764467763,-0.570592235,-0.779701968,-2.304068153,-1.261385336,-0.791423614,12,1,13,12,7,11,15,1,1,1,1,1,-1.449927912
3,4,3,1,3,5,3,2,4,5,5,3,2,1,2,3,4,4,4,4,3,4,4,2,3,3,4,3,3,4,-0.297403255,0.432318868,-0.556982206,0.434114189,-0.044865693,-0.327342056,14,1,19,13,19,16,17,1,1,1,1,1,-0.065001843
5,1,4,1,1,5,1,5,3,1,3,3,1,1,1,4,5,5,5,1,4,2,3,4,4,5,5,5,5,5,-0.956300592,-0.7837372,-1.324351316,1.158105185,0.082107602,1.489283235,12,1,15,9,20,17,25,1,1,1,1,1,-0.472086163
3,4,2,1,1,4,3,2,5,5,3,2,1,1,5,3,3,3,5,5,4,4,4,4,3,3,4,5,4,3,-1.010293612,0.744818729,-0.798176163,0.177191933,0.601388368,0.256300944,11,1,19,12,19,19,19,1,1,1,1,1,-0.088066854
3,1,5,1,1,5,3,3,2,2,1,1,2,1,1,2,1,2,2,1,3,2,1,1,1,1,1,1,2,4,-1.072537137,-0.673584269,-2.06095724,-1.862014282,-1.851887729,-2.387305499,11,1,15,6,8,8,9,1,1,1,1,1,-2.103456208
3,4,2,1,1,4,3,2,5,5,5,5,3,1,5,3,5,3,5,5,5,4,4,4,2,3,4,5,2,4,-1.010293612,0.744818729,0.839585631,0.739770286,0.637607555,-0.066239318,11,1,19,19,21,19,18,1,1,1,1,1,0.51096208
1,1,1,1,1,5,1,1,1,1,5,1,1,1,1,5,5,5,1,5,5,5,5,5,5,1,5,5,5,5,-2.298429586,-2.197838428,-1.545313946,1.058033428,1.971253589,0.722783317,5,0,9,9,21,25,21,1,1,1,1,1,-0.820627746
2,2,2,1,3,5,1,2,1,1,3,3,1,3,3,2,3,1,1,3,3,3,3,1,1,4,4,3,4,1,-1.173776343,-2.022100813,-0.517541622,-1.557991308,-1.15817183,-0.348414683,10,1,10,13,10,11,16,1,1,1,1,1,-1.535088291
4,4,1,5,1,5,1,4,1,1,1,4,1,1,4,1,1,1,4,1,4,2,4,4,1,5,4,4,4,2,-0.31363133,-1.670625583,-0.781331581,-2.021145853,-0.362975044,0.2413806,15,1,12,11,8,15,19,1,1,1,1,1,-1.068839029
3,4,3,4,5,1,4,4,1,2,3,4,4,2,3,5,4,4,5,4,3,4,2,3,3,5,2,5,3,4,0.755688122,-0.712204022,0.184327449,1.178556889,-0.281892294,-0.075914606,19,1,12,16,22,15,19,1,1,1,1,1,0.091610141
4,2,2,1,1,5,1,1,1,3,1,1,1,1,3,5,5,3,3,1,5,1,1,3,1,5,5,5,3,1,-1.326567794,-1.817511772,-1.856340752,0.543514464,-1.210916394,0.418807497,10,1,11,7,17,11,19,1,1,1,1,1,-1.592306472
3,1,5,3,1,5,3,4,3,1,5,1,1,3,4,5,3,4,1,4,5,5,3,3,3,5,4,5,4,5,-0.697782337,-0.332434598,-0.534386204,0.143672176,0.709004727,0.938725094,13,1,16,14,17,19,23,1,1,1,1,1,-0.011471737
4,5,4,3,2,4,5,2,2,5,2,5,4,4,5,5,5,4,5,5,5,4,5,5,5,4,4,5,5,5,0.465566023,0.305132794,1.101618458,1.553721533,1.70941178,0.983163793,18,1,18,20,24,24,23,1,1,1,1,1,1.424354163
2,1,1,1,1,4,4,4,5,4,3,2,1,1,3,4,4,1,4,1,5,3,3,2,3,4,5,4,5,4,-2.129345723,1.21965074,-1.20641226,-0.343212599,-0.009526381,0.899487952,6,1,21,10,14,16,22,1,1,1,1,1,-0.695951558
3,2,2,1,4,4,4,4,2,2,3,4,1,3,4,5,5,5,5,5,3,2,2,2,5,5,4,5,4,5,-0.759212892,-0.227402069,-0.023126533,1.811628964,-0.559743607,0.938725094,12,1,16,15,25,14,23,1,1,1,1,1,0.036550446
3,1,2,1,1,5,2,3,2,4,1,2,2,3,4,4,4,4,5,5,3,4,3,4,2,5,4,5,3,2,-1.738330679,-0.606777722,-0.759732457,0.994410448,-0.091447657,0.253900129,8,1,16,12,22,16,19,1,1,1,1,1,-0.501825156
5,4,4,3,3,4,4,4,2,2,4,4,2,3,4,5,4,4,5,4,5,4,4,4,5,4,4,4,4,5,0.637450452,-0.227402069,0.360308803,1.178556889,1.298627246,0.498516906,19,1,16,17,22,22,21,1,1,1,1,1,0.878900581
4,4,3,4,4,4,4,3,2,4,4,4,3,4,4,4,4,4,3,4,5,3,4,4,5,4,4,4,4,5,0.679292396,-0.022813028,0.763215211,0.523737213,1.036785437,0.498516906,19,1,17,19,19,21,21,1,1,1,1,1,0.920634803
4,3,4,4,4,4,4,4,4,4,4,4,5,3,4,4,4,4,3,4,4,5,4,4,5,4,4,3,4,5,0.658544554,0.864075355,0.971167631,0.523737213,1.303909971,0.249933698,19,1,20,20,19,22,20,1,1,1,1,1,1.228584097
4,4,4,4,4,4,3,4,4,3,3,4,4,5,3,3,4,4,4,3,4,4,4,4,4,4,5,4,4,5,0.901223577,0.360391919,0.782187844,0.340238721,0.821728265,0.813011369,20,1,18,19,18,20,22,1,1,1,1,1,0.963176364
4,4,3,4,4,4,4,5,4,4,3,4,4,4,4,4,4,5,4,4,4,4,4,4,4,4,4,4,4,4,0.679292396,1.03981297,0.787019094,0.970043527,0.821728265,0.348929811,19,1,21,19,21,20,20,1,1,1,1,1,1.178368823
4,4,4,5,4,4,4,4,3,4,3,4,4,4,5,4,4,4,3,4,4,4,5,4,4,4,4,4,4,4,1.088600977,0.508499971,0.991137143,0.523737213,1.03766531,0.348929811,21,1,19,20,19,21,20,1,1,1,1,1,1.214864145
3,4,4,4,4,4,4,5,4,4,4,4,4,4,4,4,5,4,5,4,4,4,4,3,4,4,5,4,4,5,0.732139714,1.03981297,0.96683482,1.181824157,0.626880776,0.813011369,19,1,21,20,22,19,22,1,1,1,1,1,1.279819097
4,4,4,5,4,4,4,4,4,5,4,3,4,4,4,4,4,4,4,4,4,5,4,4,4,4,5,4,4,5,1.088600977,1.054238683,0.676537779,0.712136097,1.083570074,0.813011369,21,1,21,19,20,21,22,1,1,1,1,1,1.349236201
4,4,3,4,4,4,4,4,3,4,3,4,4,4,3,4,4,4,3,4,4,5,4,5,4,4,4,4,5,5,0.679292396,0.508499971,0.582901046,0.523737213,1.278417563,0.734580585,19,1,19,18,19,22,22,1,1,1,1,1,1.052301161
5,4,4,3,3,4,4,4,2,2,4,4,2,3,4,5,4,4,4,3,4,4,4,3,4,4,5,4,4,5,0.637450452,-0.227402069,0.360308803,0.896282537,0.626880776,0.813011369,19,1,16,17,20,19,22,1,1,1,1,1,0.645765191
4,4,4,4,4,4,3,4,5,4,4,5,4,4,3,4,4,4,5,4,4,4,4,4,4,4,4,4,4,4,0.901223577,0.906130631,1.053013813,0.900534981,0.821728265,0.348929811,20,1,20,20,21,20,20,1,1,1,1,1,1.24573722
4,4,5,4,4,4,4,3,4,4,4,4,4,3,4,4,5,4,4,4,4,4,4,4,4,4,4,4,4,4,1.123154758,0.688337741,0.767548022,0.993425273,0.821728265,0.348929811,21,1,19,19,21,20,20,1,1,1,1,1,1.158499213
4,4,3,4,5,4,4,5,4,4,4,4,4,4,4,4,5,4,4,4,4,4,4,3,4,4,4,4,4,4,0.924771984,1.03981297,0.96683482,0.993425273,0.626880776,0.348929811,20,1,21,20,21,19,20,1,1,1,1,1,1.251886878
4,4,4,4,4,4,5,4,4,4,4,3,4,4,4,4,4,4,4,4,4,5,4,4,4,4,5,4,4,5,0.901223577,1.177595464,0.676537779,0.712136097,1.083570074,0.813011369,20,1,21,19,20,21,22,1,1,1,1,1,1.294611725
4,4,3,4,5,4,4,4,4,4,4,4,5,4,4,4,4,4,4,4,4,5,4,4,4,4,4,4,4,5,0.924771984,0.864075355,1.17045443,0.712136097,1.083570074,0.498516906,20,1,20,21,20,21,21,1,1,1,1,1,1.363217473
4,4,4,4,4,4,4,4,4,5,4,5,4,3,4,4,3,3,4,4,4,5,4,4,5,4,5,4,4,5,0.901223577,1.054238683,1.057845063,0.172939489,1.303909971,0.813011369,20,1,21,20,18,22,22,1,1,1,1,1,1.350976657
4,4,3,1,1,5,3,3,3,5,5,3,3,4,5,5,4,4,5,2,4,4,5,4,1,5,4,5,4,5,-0.619278568,0.252481099,0.856851944,0.990805953,0.376645619,0.938725094,13,1,19,20,20,18,23,1,1,1,1,1,0.706637536
2,1,1,1,1,5,1,2,1,1,5,1,1,1,1,1,2,4,5,1,5,1,1,5,1,5,5,4,1,1,-2.129345723,-2.022100813,-1.545313946,-0.7777355,-0.821221415,-0.301903069,6,1,10,9,13,13,16,1,1,1,1,1,-1.826957916
4,3,3,2,2,4,3,4,3,3,4,3,3,2,3,4,4,4,5,4,3,3,3,3,3,5,5,5,4,3,-0.429100603,0.004816535,-0.129773475,0.900534981,-0.327797058,0.954045366,14,1,17,15,21,15,22,1,1,1,1,1,0.088631141
4,4,2,3,3,4,4,2,4,4,2,4,4,2,3,4,4,4,2,2,4,4,2,3,3,4,5,4,5,4,0.024504227,0.512600126,0.004511723,0.147587393,-0.025333211,0.899487952,16,1,18,15,16,16,22,1,1,1,1,1,0.122479264
5,4,5,3,4,5,4,5,4,5,4,5,4,5,4,4,5,4,5,4,5,4,5,4,5,4,5,4,5,4,1.104861221,1.273051821,1.456418659,1.181824157,1.514564291,0.899487952,21,1,23,22,22,23,22,1,1,1,1,1,1.90643151
4,4,4,2,2,4,2,4,3,2,1,3,2,4,4,4,4,4,2,2,4,4,4,3,4,4,5,4,5,4,0.035509601,-0.498866902,-0.270148617,0.147587393,0.626880776,0.899487952,16,1,15,14,16,19,22,1,1,1,1,1,0.026727088
4,4,4,3,4,4,4,4,3,4,4,4,4,4,4,4,4,4,4,4,4,4,4,4,4,4,5,4,5,4,0.713846177,0.508499971,0.96683482,0.712136097,0.821728265,0.899487952,19,1,19,20,20,20,22,1,1,1,1,1,1.129762265
3,4,4,4,4,2,2,3,4,2,4,4,2,4,4,4,2,3,3,4,4,4,2,3,4,4,5,4,5,4,0.732139714,-0.405180179,0.559595601,-0.296748571,0.195006686,0.899487952,19,1,13,18,16,17,22,1,1,1,1,1,0.253875516
4,5,4,4,4,5,4,4,4,4,4,4,4,4,4,4,4,4,4,4,4,4,4,4,4,4,5,4,5,4,1.1439026,0.907150878,0.96683482,0.712136097,0.821728265,0.899487952,21,1,21,20,20,20,22,1,1,1,1,1,1.368129779
2,4,4,2,4,2,2,2,4,4,1,1,4,4,2,4,4,3,3,2,2,4,2,4,4,4,5,4,5,4,0.188301051,-0.200591138,-0.851739577,0.078078847,-0.123263991,0.899487952,16,1,14,12,16,16,22,1,1,1,1,1,-0.367667467
4,5,4,5,4,4,5,4,5,4,4,5,4,5,4,4,5,4,5,4,4,5,4,5,4,4,5,4,5,4,1.33128,1.533170848,1.456418659,1.181824157,1.278417563,0.899487952,22,1,22,22,22,22,22,1,1,1,1,1,1.838087081
4,5,4,5,4,4,5,4,5,4,4,5,4,5,4,4,5,4,5,4,4,5,4,5,4,4,5,4,5,4,1.33128,1.533170848,1.456418659,1.181824157,1.278417563,0.899487952,22,1,22,22,22,22,22,1,1,1,1,1,1.838087081
4,4,4,3,4,4,3,3,4,4,2,4,4,3,4,4,4,2,2,2,4,2,4,4,4,5,4,5,4,5,0.713846177,0.374817632,0.40791657,-0.368227468,0.298044647,0.938725094,19,1,18,17,14,18,23,1,1,1,1,1,0.499871824
4,5,4,5,4,4,5,4,5,4,4,5,4,5,4,4,5,4,5,4,4,5,4,5,4,4,5,4,5,4,1.33128,1.533170848,1.456418659,1.181824157,1.278417563,0.899487952,22,1,22,22,22,22,22,1,1,1,1,1,1.838087081
3,2,4,4,4,4,4,3,4,4,2,2,4,4,2,4,2,3,3,4,4,4,2,4,4,5,4,5,4,5,0.246781669,0.688337741,-0.381626811,-0.296748571,0.389854175,0.938725094,17,1,19,14,16,18,23,1,1,1,1,1,0.30262044
2,4,2,2,4,4,4,4,2,4,1,2,4,4,3,4,4,2,2,2,4,4,2,2,4,4,5,4,5,4,-0.25556131,0.152924587,-0.357324488,-0.368227468,0.000159197,0.899487952,14,1,18,14,14,16,22,1,1,1,1,1,-0.143420784
5,4,5,4,5,4,5,4,5,4,4,5,4,5,4,4,5,4,5,4,4,5,4,5,4,4,5,4,5,4,1.537718209,1.533170848,1.456418659,1.181824157,1.278417563,0.899487952,23,1,22,22,22,22,22,1,1,1,1,1,1.892711557
4,3,3,2,3,4,4,3,2,2,4,4,2,2,2,2,2,4,4,4,4,2,4,4,4,4,5,4,5,4,-0.183621014,-0.403139684,-0.247214093,-0.406486073,0.298044647,0.899487952,15,1,15,14,16,18,22,1,1,1,1,1,-0.086307011
5,4,5,4,5,4,5,4,5,4,4,5,4,5,4,4,5,4,5,4,4,5,4,5,4,5,4,5,4,5,1.537718209,1.533170848,1.456418659,1.181824157,1.278417563,0.938725094,23,1,22,22,22,22,23,1,1,1,1,1,1.914152932
5,4,5,4,5,4,5,4,5,4,4,5,4,5,4,4,5,4,5,4,4,5,4,5,4,5,4,5,4,5,1.537718209,1.533170848,1.456418659,1.181824157,1.278417563,0.938725094,23,1,22,22,22,22,23,1,1,1,1,1,1.914152932
3,3,4,4,3,2,2,4,2,4,4,3,4,2,3,4,3,2,4,3,1,2,4,3,5,4,5,4,5,4,0.243981103,-0.560266676,0.073846134,-0.178843409,-0.446140195,0.899487952,17,1,14,16,16,15,22,1,1,1,1,1,-0.062239806
5,4,5,4,5,4,5,4,5,4,4,5,4,5,4,4,5,4,5,4,5,4,5,4,5,4,5,4,5,4,1.537718209,1.533170848,1.456418659,1.181824157,1.514564291,0.899487952,23,1,22,22,22,23,22,1,1,1,1,1,1.951121181
5,4,5,4,5,4,5,4,5,4,4,5,4,5,4,5,4,5,4,5,4,5,4,5,4,4,5,4,5,4,1.537718209,1.533170848,1.456418659,1.341940903,1.278417563,0.899487952,23,1,22,22,23,22,22,1,1,1,1,1,1.932385504
5,3,3,2,2,5,3,5,3,2,2,3,2,2,2,5,5,4,5,3,3,4,4,4,4,5,4,5,4,5,-0.26001674,0.033466345,-0.897142585,1.365970598,0.565169182,0.938725094,15,1,18,11,22,19,23,1,1,1,1,1,0.193355904
4,5,4,5,4,4,5,4,5,4,4,5,4,5,4,5,4,5,4,5,5,4,5,4,5,4,5,4,5,4,1.33128,1.533170848,1.456418659,1.341940903,1.514564291,0.899487952,22,1,22,22,23,23,22,1,1,1,1,1,1.936170652
4,4,3,3,5,3,3,5,3,2,2,3,4,5,3,1,2,3,4,5,5,4,3,2,1,5,4,5,4,5,0.737394584,-0.052684701,0.312075077,-0.848539944,-0.188364365,0.938725094,19,1,16,17,15,15,23,1,1,1,1,1,0.235198338
3,4,3,3,4,4,3,3,2,3,3,2,3,2,3,2,3,2,3,2,2,3,2,3,2,3,2,3,2,3,0.322831133,-0.526496464,-0.599886242,-1.017161577,-1.020633083,-1.341981756,17,1,15,13,12,12,13,1,1,1,1,1,-0.756487158
5,3,3,2,2,5,3,5,3,3,2,3,3,2,3,5,5,5,3,3,4,3,3,4,3,4,5,4,5,4,-0.26001674,0.223629673,-0.489404927,1.247080261,0.123609514,0.899487952,15,1,19,13,21,17,22,1,1,1,1,1,0.234587022
5,4,5,4,5,4,4,4,4,5,4,4,4,4,4,4,4,4,4,4,4,5,4,5,4,5,4,5,4,5,1.537718209,1.054238683,0.96683482,0.712136097,1.278417563,0.938725094,23,1,21,20,20,22,23,1,1,1,1,1,1.615639353
2,2,4,4,4,4,4,4,4,2,2,2,4,4,2,2,2,3,4,3,4,4,2,2,4,5,4,5,4,5,0.077697806,0.4837487,-0.381626811,-0.758268971,0.000159197,0.938725094,16,1,18,14,14,16,23,1,1,1,1,1,-0.012730458
4,5,4,5,4,5,4,5,4,5,4,5,4,5,4,5,4,5,4,5,4,5,4,5,4,5,4,5,4,5,1.33128,1.273051821,1.456418659,1.341940903,1.278417563,0.938725094,22,1,23,22,23,22,23,1,1,1,1,1,1.963761684
4,4,2,3,3,4,4,3,3,3,2,4,4,2,2,2,2,4,4,2,4,4,2,3,4,4,4,4,4,4,0.024504227,0.142599028,-0.199606325,-0.594237009,0.195006686,0.348929811,16,1,17,14,14,17,20,1,1,1,1,1,-0.083204238
4,5,4,5,4,5,4,5,4,5,4,5,4,5,4,5,4,5,4,5,5,4,5,4,5,4,5,4,5,4,1.33128,1.273051821,1.456418659,1.341940903,1.514564291,0.899487952,22,1,23,22,23,23,22,1,1,1,1,1,2.000729933
5,4,4,2,4,4,2,2,3,4,1,4,5,4,2,4,4,4,2,4,2,4,4,2,3,3,4,4,3,3,0.69555264,-0.470015476,0.222771155,0.335338329,-0.301424776,-0.228345943,19,1,15,16,18,15,17,1,1,1,1,1,0.083709449
4,3,4,3,5,3,3,3,3,4,3,3,3,3,3,3,3,3,3,3,3,3,3,3,3,3,3,3,3,3,0.716646743,-0.023833275,-0.110302403,-0.38735677,-0.327797058,-0.791423614,19,1,16,15,15,15,15,1,1,1,1,1,-0.090939061
4,2,2,4,4,2,3,4,4,4,4,2,3,4,4,4,2,2,4,4,2,4,4,2,2,3,4,3,4,3,-0.02799683,0.464404201,0.182621129,-0.366257118,-0.521764673,-0.240865472,16,1,17,17,16,14,17,1,1,1,1,1,-0.011499732
5,4,5,4,5,4,5,4,5,4,5,4,5,4,5,4,5,4,5,4,5,4,5,4,5,4,5,4,5,4,1.537718209,1.533170848,1.554388204,1.181824157,1.514564291,0.899487952,23,1,22,23,22,23,22,1,1,1,1,1,2.028424383
5,4,5,4,5,4,5,4,5,4,5,4,5,4,5,4,5,4,5,4,5,4,5,4,5,4,5,4,5,4,1.537718209,1.533170848,1.554388204,1.181824157,1.514564291,0.899487952,23,1,22,23,22,23,22,1,1,1,1,1,2.028424383
5,4,5,4,5,4,5,4,5,4,5,4,5,4,5,4,5,4,5,5,4,5,4,5,4,4,5,4,5,4,1.537718209,1.533170848,1.554388204,1.275699625,1.278417563,0.899487952,23,1,22,23,23,22,22,1,1,1,1,1,2.009688706
4,4,3,3,3,4,3,4,3,4,3,3,3,3,3,3,3,3,3,3,3,3,3,3,3,3,3,3,3,3,0.246435408,0.194979863,-0.110302403,-0.38735677,-0.327797058,-0.791423614,17,1,18,15,15,15,15,1,1,1,1,1,-0.071069451
4,5,4,5,4,5,4,5,4,5,4,5,4,5,4,5,4,5,4,5,4,5,4,5,4,5,4,5,4,5,1.33128,1.273051821,1.456418659,1.341940903,1.278417563,0.938725094,22,1,23,22,23,22,23,1,1,1,1,1,1.963761684
5,4,5,4,5,4,5,4,5,4,5,4,5,4,5,4,5,4,5,4,5,4,5,4,5,4,5,4,5,4,1.537718209,1.533170848,1.554388204,1.181824157,1.514564291,0.899487952,23,1,22,23,22,23,22,1,1,1,1,1,2.028424383
4,5,4,5,4,5,4,5,4,5,4,5,4,5,4,5,4,5,4,5,4,5,4,5,4,5,4,5,4,5,1.33128,1.273051821,1.456418659,1.341940903,1.278417563,0.938725094,22,1,23,22,23,22,23,1,1,1,1,1,1.963761684
5,4,5,4,5,4,5,4,5,4,5,4,5,4,5,4,5,4,5,4,5,4,5,4,5,4,5,4,5,4,1.537718209,1.533170848,1.554388204,1.181824157,1.514564291,0.899487952,23,1,22,23,22,23,22,1,1,1,1,1,2.028424383
5,4,5,4,5,4,5,4,5,4,5,4,5,4,5,4,5,4,5,4,4,5,4,5,4,5,4,5,4,5,1.537718209,1.533170848,1.554388204,1.181824157,1.278417563,0.938725094,23,1,22,23,22,22,23,1,1,1,1,1,1.991456134
3,3,3,3,3,3,3,3,3,3,3,3,3,3,3,3,3,3,3,3,3,3,3,3,3,3,3,3,3,3,-0.165327477,-0.213996603,-0.110302403,-0.38735677,-0.327797058,-0.791423614,15,1,15,15,15,15,15,1,1,1,1,1,-0.373996247
5,4,5,4,5,4,5,4,5,4,5,4,5,4,5,4,5,4,5,4,5,4,5,4,5,4,5,4,5,4,1.537718209,1.533170848,1.554388204,1.181824157,1.514564291,0.899487952,23,1,22,23,22,23,22,1,1,1,1,1,2.028424383
5,4,5,4,5,4,5,4,5,4,5,4,5,4,5,4,5,4,5,4,5,4,5,4,5,4,5,4,5,4,1.537718209,1.533170848,1.554388204,1.181824157,1.514564291,0.899487952,23,1,22,23,22,23,22,1,1,1,1,1,2.028424383
5,4,5,4,5,4,5,4,5,4,5,4,5,4,5,4,5,4,5,4,5,4,5,4,5,4,5,4,5,4,1.537718209,1.533170848,1.554388204,1.181824157,1.514564291,0.899487952,23,1,22,23,22,23,22,1,1,1,1,1,2.028424383
5,4,5,4,5,4,5,4,5,4,5,4,5,4,5,4,5,4,5,4,5,4,5,4,5,4,5,4,5,4,1.537718209,1.533170848,1.554388204,1.181824157,1.514564291,0.899487952,23,1,22,23,22,23,22,1,1,1,1,1,2.028424383
5,4,5,4,5,4,5,4,5,4,5,4,5,4,5,4,5,4,5,4,5,4,5,4,5,4,5,4,5,4,1.537718209,1.533170848,1.554388204,1.181824157,1.514564291,0.899487952,23,1,22,23,22,23,22,1,1,1,1,1,2.028424383
5,4,5,4,5,4,5,4,5,4,5,4,5,4,5,4,5,4,5,4,5,4,5,4,5,4,5,4,5,4,1.537718209,1.533170848,1.554388204,1.181824157,1.514564291,0.899487952,23,1,22,23,22,23,22,1,1,1,1,1,2.028424383
5,4,5,4,5,4,5,4,5,4,5,4,5,4,5,4,5,4,5,4,5,4,5,4,5,4,5,4,5,4,1.537718209,1.533170848,1.554388204,1.181824157,1.514564291,0.899487952,23,1,22,23,22,23,22,1,1,1,1,1,2.028424383